stt,so_hieu,ngay_ban_hanh,co_quan_ban_hanh,noi_dung_tom_tat,ma_noi_bo,linh_vuc,loai_van_ban,chuyen_trang,nguoi_ky,ngay_hieu_luc,pdf_url_primary,pdf_attachments,url_chi_tiet,nam,nam_thang,crawled_at
432,TT số 78/2026/TT-BTC,30/06/2026,Bộ Tài chính,"THÔNG TƯ Sửa đổi, bổ sung một số điều của Thông tư số 203/2014/TT-BTC ngày 22 tháng 12 năm 2014 của Bộ trưởng Bộ Tài chính hướng dẫn xử lý hàng hóa tồn đọng thuộc địa bàn hoạt động hải quan",105155,441,4,THANH_HOA,null,null,https://files.customs.gov.vn/CustomsCMS/THANH_HOA/2026/7/17/Thông-tư-78-2026-TT-BTC.pdf,[],https://www.customs.gov.vn/index.jsp?pageId=3&id=105155&cid=1294,2026,06/2026,2026-10-09T04:53:34Z
1750,1340/BTNMT-KSONMT,27/02/2025,Bộ Tài nguyên và môi trường,Về việc quy định về bảo vệ môi trường đối với hoạt động nhập khẩu máy kéo để sửa chữa,100250,441,16,BAC_NINH,null,null,https://files.customs.gov.vnhttps://files.customs.gov.vn/CustomsCMS/BAC_NINH/2025/6/3/9941340 - TNMT (4).pdf,[],https://www.customs.gov.vn/index.jsp?pageId=3&id=100250&cid=1294,2025,02/2025,2026-10-09T04:53:40Z
2047,18/2024/TT-BCT,08/10/2024,Bộ Công Thương,"Thông tư số 18/2024/TT-BCT ngày 8/10/2024 của Bộ Công Thương quy định về danh mục phế liệu tạm ngừng kinh doanh tạm nhập, tái xuất, chuyển khẩu",97342,441,4,TONG_CUC,Nguyễn Sinh Nhật Tân,null,https://files.customs.gov.vnhttps://files.customs.gov.vn/CustomsCMS/TONG_CUC/2024/11/4/Thông tư 18.2024.pdf,[],https://www.customs.gov.vn/index.jsp?pageId=3&id=97342&cid=1294,2024,10/2024,2026-10-09T04:53:43Z
2081,120/2024/NĐ-CP,30/09/2024,Thủ tướng Chính phủ,"Nghị định số 120/2024/NĐ-CP  ngày 30/9/2024 sửa đổi , bổ sung một số điều của Nghị định số 102/2020/NĐ-CP ngày 01/9/2020 của Chính phủ quy định Hệ thống bảo đảm gỗ hợp pháp Việt Nam",96974,441,8,TONG_CUC,Trần Hồng Hà,15/11/2024,https://files.customs.gov.vnhttps://files.customs.gov.vn/CustomsCMS/TONG_CUC/2024/10/10/ND120 sdbs quy dinh ve go.pdf,[],https://www.customs.gov.vn/index.jsp?pageId=3&id=96974&cid=1294,2024,09/2024,2026-10-09T04:53:43Z
2115,15/2024/TT-BYT,19/09/2024,Bộ Y tế,"Thông tư số 15/2024/TT-BYT ngày 19/9/2024 của Bộ trưởng Bộ Y tế ban hành Danh mục thực phẩm, phụ gia thực phẩm và dụng cụ chứa đựng thực phẩm, vật liệu bao gói tiếp xúc trực tiếp với thực phẩm đã được xác định mã số hàng hóa theo Danh mục hàng hóa xuất khẩu, nhập khẩu Việt Nam phải kiểm tra nhà nước về an toàn thực  phẩm nhập khẩu thuộc phạm vi quản lý của Bộ Y Tế.",96973,441,4,TONG_CUC,Đỗ Xuân Tuyên,02/11/2024,https://files.customs.gov.vnhttps://files.customs.gov.vn/CustomsCMS/TONG_CUC/2024/10/10/TT15 Danh muc hang hoa Bo Yt.pdf,[],https://www.customs.gov.vn/index.jsp?pageId=3&id=96973&cid=1294,2024,09/2024,2026-10-09T04:53:43Z
2217,3894/TCHQ-GSQL,16/08/2024,Cục Giám sát quản lý về HQ,V/v Doanh nghiệp nội địa bán hàng hóa cho DNCX (Công ty TNHH Sailun Việt Nam),96395,441,16,DONG_NAI,null,null,https://files.customs.gov.vn/CustomsCMS/DONG_NAI/2024/8/19/3894_TCHQ_GSQL_16_08_2024.PDF,[],https://www.customs.gov.vn/index.jsp?pageId=3&id=96395&cid=1294,2024,08/2024,2026-10-09T04:53:43Z
2377,Thông tư số 09/2024/TT-BYT,11/06/2024,Bộ Y tế,"Thông tư số 09/2024/TT-BYT ngày 11/6/2024 của Bộ Y tế về việc danh mục thuốc, nguyên liệu làm thuốc dùng cho người và mỹ phẩm xuất khẩu, nhập khẩu đã được xác định nã số hàng hóa theo danh mục hàng hóa xuất khẩu, nhập khẩu Việt Nam",94885,441,19,TONG_CUC,Đỗ Xuân Tuyên,null,"https://files.customs.gov.vnhttps://files.customs.gov.vn/CustomsCMS/TONG_CUC/2024/6/20/29639_09 BO Y TE (1).pdf,/CustomsCMS/TONG_CUC/2024/6/20/556Phụ lục kèm theo Thông tư 09.2024.TT.BYT.pdf.pdf-compressed.pdf",[],https://www.customs.gov.vn/index.jsp?pageId=3&id=94885&cid=1294,2024,06/2024,2026-10-09T04:53:43Z
2587,06/2024/TT-BCT,04/04/2024,Bộ Công Thương,Bộ trưởng Bộ Công Thương ban hành Thông tư 06/2024/TT-BCT quy định việc nhập khẩu mặt hàng gạo và lá thuốc lá khô có xuất xứ từ Vương quốc Campuchia theo hạn ngạch thuế quan năm 2023 và năm 2024.,92366,441,4,TAY_NINH,Nguyễn Sinh Nhật Tân,20/05/2024,https://files.customs.gov.vnhttps://files.customs.gov.vn/CustomsCMS/TAY_NINH/2024/4/11/VanBanGoc_TT 06.2024.TT-BCT.pdf,[],https://www.customs.gov.vn/index.jsp?pageId=3&id=92366&cid=1294,2024,04/2024,2026-10-09T04:53:43Z
2903,6156/TCHQ-GSQL,29/11/2023,Tổng cục Hải quan,Công văn số 6156/TCHQ-GSQL ngày 29/11/2023 của Tổng cục Hải quan v/v thủ tục hải quan đối với hàng hóa gủi qua dịch vụ chuyển phát nhanh,89833,441,16,TONG_CUC,Nguyễn Bắc Hải,null,https://files.customs.gov.vn/CustomsCMS/TONG_CUC/2023/12/4/CV61562023TCHQ.PDF,[],https://www.customs.gov.vn/index.jsp?pageId=3&id=89833&cid=1294,2023,11/2023,2026-10-09T04:53:49Z
2958,77/2023/NĐ-CP,02/11/2023,Thủ tướng Chính phủ,Nghị định 77/2023/NĐ-CP về quản lý nhập khẩu hàng hóa tân trang theo Hiệp định Đối tác Toàn diện và Tiến bộ xuyên Thái Bình Dương,89563,441,8,TONG_CUC,Lê Minh Khái,01/01/2024,https://files.customs.gov.vn/CustomsCMS/TONG_CUC/2023/11/8/585052.pdf,[],https://www.customs.gov.vn/index.jsp?pageId=3&id=89563&cid=1294,2023,11/2023,2026-10-09T04:53:49Z
3079,10/2023/TT-BTTTT,05/09/2023,Bộ Thông tin và Truyền Thông,"Thông tư 10/2023/TT-BTTTT về Ngưng hiệu lực áp dụng quy định thi hành một phần/toàn bộ của một số quy chuẩn kỹ thuật tại Thông tư 04/2023/TT-BTTTT quy định Danh mục sản phẩm, hàng hóa có khả năng gây mất an toàn thuộc trách nhiệm quản lý của Bộ Thông tin và Truyền thông",88775,441,4,TONG_CUC,Nguyễn Mạnh Hùng,null,https://files.customs.gov.vn/CustomsCMS/TONG_CUC/2023/9/13/578782.pdf,[],https://www.customs.gov.vn/index.jsp?pageId=3&id=88775&cid=1294,2023,09/2023,2026-10-09T04:53:49Z
3160,60/2023/NĐ-CP,16/08/2023,Thủ tướng Chính phủ,"Nghị định số 60/2023/NĐ-CP ngày 16/8/2023 quy định về việc kiểm tra, chứng nhận chất lượng an toàn kỹ thuật và bảo vệ môi trường ô tô nhập khẩu và linh kiện nhập khẩu theo các Điều ước quốc tế mà Việt Nam là thanh viên.",87533,441,8,TONG_CUC,Trần Hồng Hà,null,https://files.customs.gov.vn/CustomsCMS/TONG_CUC/2023/8/24/576638.pdf,[],https://www.customs.gov.vn/index.jsp?pageId=3&id=87533&cid=1294,2023,08/2023,2026-10-09T04:53:49Z
3177,04/2023/TT-BNNPTNT,15/08/2023,Bộ Nông nghiệp và Phát triển Nông thôn,Thông tư số 04/2023/TT-BNNPTNT về ban hành Danh mục đối tượng kiểm dịch thực vật của nước Cộng hòa xã hội chủ nghĩa Việt Nam,87424,441,4,TONG_CUC,Hoàng Trung,null,https://files.customs.gov.vn/CustomsCMS/TONG_CUC/2023/8/23/576041.pdf,[],https://www.customs.gov.vn/index.jsp?pageId=3&id=87424&cid=1294,2023,08/2023,2026-10-09T04:53:49Z
3535,492/CĐ-TTg,31/05/2023,Thủ tướng Chính phủ,Công điện số 492/CĐ-TTg ngày 31/5/2023 của Chính phủ về chủ động triển khai biện pháp cấp bách nhằm giảm ùn ứ và thúc đẩy xuất khẩu nông sản tại các cửa khẩu biên giới phía bắc,85451,441,18,TONG_CUC,Lê Minh Khái,null,https://files.customs.gov.vn/CustomsCMS/TONG_CUC/2023/6/5/568292.pdf,[],https://www.customs.gov.vn/index.jsp?pageId=3&id=85451&cid=1294,2023,05/2023,2026-10-09T04:53:49Z
3573,Quyết định số 13/2023/QĐ-TTg,22/05/2023,Thủ tướng Chính phủ,Ban hành Danh mục phế liệu được phép nhập khẩu từ nước ngoài làm nguyên liệu sản xuất.,85908,441,10,AN_GIANG,LÊ MINH KHÁI,01/06/2023,https://files.customs.gov.vnhttps://files.customs.gov.vn/CustomsCMS/AN_GIANG/2023/6/30/2023_723 + 724_13-2023-QÐ-TTg..pdf,[],https://www.customs.gov.vn/index.jsp?pageId=3&id=85908&cid=1294,2023,05/2023,2026-10-09T04:53:49Z
3690,1798/TCHQ-GSQL,18/04/2023,Tổng cục Hải quan,"V/v Quản lý hoạt động xuất khẩu, nhập khẩu các chất HFC",84612,441,19,DA_NANG,null,null,https://files.customs.gov.vn/CustomsCMS/DA_NANG/2023/4/20/1798(5).PDF,[],https://www.customs.gov.vn/index.jsp?pageId=3&id=84612&cid=1294,2023,04/2023,2026-10-09T04:53:49Z
3761,691/QĐ-BCT,21/03/2023,Bộ Công thương,Quyết định gia hạn áp dụng biện pháp tự vệ đối với sản phẩm thép dài nhập khẩu,83955,441,10,QUANG_NGAI,Thứ trưởng Trần Quốc Khanh,22/03/2023,https://files.customs.gov.vn/CustomsCMS/QUANG_NGAI/2023/3/23/20230323_691-qd-bct-bo-cong-thuong.pdf,[],https://www.customs.gov.vn/index.jsp?pageId=3&id=83955&cid=1294,2023,03/2023,2026-10-09T04:53:49Z
3763,295/ĐA-PBP,20/03/2023,Cục Điện Ảnh,Không cấp giấy phép nhập khẩu văn hóa phẩm không nhằm mục đích kinh doanh có nội dung là phim từ 01/01/2023,84213,441,16,DA_NANG,Cục trưởng - Vi Kiến Thành,null,https://files.customs.gov.vn/CustomsCMS/DA_NANG/2023/4/3/4025359.signed.pdf,[],https://www.customs.gov.vn/index.jsp?pageId=3&id=84213&cid=1294,2023,03/2023,2026-10-09T04:53:49Z
3831,248/GSQL-TH,23/02/2023,Cục Giám sát quản lý,Cấp mã số nhân viên đại lý làm thủ tục hải quan,83672,441,16,TONG_CUC,null,null,https://files.customs.gov.vnhttps://files.customs.gov.vn/CustomsCMS/TONG_CUC/2023/3/9/248-GSQL. Cap ma.pdf,[],https://www.customs.gov.vn/index.jsp?pageId=3&id=83672&cid=1294,2023,02/2023,2026-10-09T04:53:49Z
4013,2125/QĐ-BTTTT,21/11/2022,Bộ Thông tin và Truyền thông,"Điều chỉnh mã số HS thuộc Danh mục sản phẩm, hàng hóa có khả năng gây mất an toàn thuộc trách nhiệm quản lý của Bộ Thông tin và Truyền thông",81794,441,10,TONG_CUC,Phan Tâm,null,https://files.customs.gov.vnhttps://files.customs.gov.vn/CustomsCMS/TONG_CUC/2022/11/24/QD2125 BTTTT.doc,[],https://www.customs.gov.vn/index.jsp?pageId=3&id=81794&cid=1294,2022,11/2022,2026-10-09T04:53:55Z
4122,14741/UBND-KTTC,04/10/2022,UBND,"V/v giao triển khai thực hiện công điện của Bộ trưởng Bộ Tài chính về tiếp tục đẩy mạnh, tăng cường các biện pháp quản lý , điều hành giá",81295,441,16,THANH_HOA,null,null,https://files.customs.gov.vn/CustomsCMS/THANH_HOA/2022/10/18/cv14741.pdf,[],https://www.customs.gov.vn/index.jsp?pageId=3&id=81295&cid=1294,2022,10/2022,2026-10-09T04:53:55Z
4163,3982/TCHQ-GSQL,26/09/2022,Tổng cục Hải quan,Công văn số 3982/TCHQ-GSQL ngày 26/9/2022 của Tổng cục Hải quan v/v xử lý vướng mắc trong quá trình thực hiện Thông tư 23/2021/TT-BTC,80999,441,16,TONG_CUC,Mai Xuân Thành,null,https://files.customs.gov.vn/CustomsCMS/TONG_CUC/2022/9/28/CV39822022TCHQ.PDF,[],https://www.customs.gov.vn/index.jsp?pageId=3&id=80999&cid=1294,2022,09/2022,2026-10-09T04:53:55Z
4350,2817/ĐT-ĐNVĐTKD,03/08/2022,Cục Hải quan TPHCM - Chi cục Hải quan QLH Đầu tư,Triển khai các quy định về Danh mục miễn thuế,79929,441,16,TP_HO_CHI_MINH,null,null,https://files.customs.gov.vn/CustomsCMS/TP_HO_CHI_MINH/2022/8/4/2817.pdf,[],https://www.customs.gov.vn/index.jsp?pageId=3&id=79929&cid=1294,2022,08/2022,2026-10-09T04:53:55Z
4364,539/TB-KĐ3,01/08/2022,Tổng cục Hải quan,"Về kết quả phân tích mã số hàng hóa xuất khẩu, nhập khẩu",79971,441,19,TONG_CUC,Nguyễn Thị Thanh Phượng,null,,[],https://www.customs.gov.vn/index.jsp?pageId=3&id=79971&cid=1294,2022,08/2022,2026-10-09T04:53:55Z
4740,493/QĐ-TTg,19/04/2022,Thủ tướng Chính phủ,Quyết định số 493/QĐ-TTg ngày 19/4/2022 phê duyệt Chiến lược xuất nhập khẩu hàng hóa đến năm 2030,78055,441,10,TONG_CUC,Lê Văn Thành,19/04/2022,https://files.customs.gov.vn/CustomsCMS/TONG_CUC/2022/4/26/QD493TTg.doc,[],https://www.customs.gov.vn/index.jsp?pageId=3&id=78055&cid=1294,2022,04/2022,2026-10-09T04:53:55Z
4765,640/QĐ-BCT,06/04/2022,Bộ Công Thương,Quyết định về kết  quả rà soát lần thứ nhất việc áp dụng biện pháp chống bán phá giá một số sản phẩm  bột ngọt có xuất xứ từ Cộng hòa Indonexia và Cộng hòa nhân dân Trung hoa,78003,441,10,TONG_CUC,Trần Quốc Khánh,null,https://files.customs.gov.vn/CustomsCMS/TONG_CUC/2022/4/22/640-QD-BCT.pdf,[],https://www.customs.gov.vn/index.jsp?pageId=3&id=78003&cid=1294,2022,04/2022,2026-10-09T04:53:55Z
4820,07/2022/TT-BCT,23/03/2022,Bộ Công Thương,Thông tư hướng dẫn thực hiện các biện pháp phòng vệ thương mại  trong Hiệp định Đối tác Kinh tế Toàn diện Khu vực,77791,441,4,AN_GIANG,Nguyễn Hồng Diên,08/05/2022,https://files.customs.gov.vnhttps://files.customs.gov.vn/CustomsCMS/AN_GIANG/2022/4/7/2022_283 + 284_07-2022-TT-BCT..pdf,[],https://www.customs.gov.vn/index.jsp?pageId=3&id=77791&cid=1294,2022,03/2022,2026-10-09T04:53:55Z
4887,06/2022/TT/BCT,28/02/2022,Bộ Công Thương,Quy định việc nhập khẩu mặt hàng gạo và lá thuốc lá khô có xuất xứ từ vương quốc Campuchia theo hạn ngạch thuế quan năm 2021 và năm 2022,77375,441,4,DONG_NAI,null,28/02/2022,https://files.customs.gov.vn/CustomsCMS/DONG_NAI/2022/3/9/06_2022_TT_BCT_28_02_2022.PDF,[],https://www.customs.gov.vn/index.jsp?pageId=3&id=77375&cid=1294,2022,02/2022,2026-10-09T04:53:55Z
4937,03/2022/TT-BCT,28/01/2022,Bộ Công Thương,"Quy định tạm ngừng kinh doanh tạm nhập, tía xuất mặt hàng khẩu trang y tế, găng tay y tế và bộ trang phục phòng chống dịch",76950,441,4,TONG_CUC,Nguyễn Hồng Diên,15/03/2022,https://files.customs.gov.vn/CustomsCMS/TONG_CUC/2022/2/8/03-BCT.PDF,[],https://www.customs.gov.vn/index.jsp?pageId=3&id=76950&cid=1294,2022,01/2022,2026-10-09T04:53:55Z
4938,125/QĐ-BCT,28/01/2022,Bộ Công Thương,Quyết định thu hồi giấy chứng nhận đủ điều kiện kinh doanh xuất khẩu gạo của Công ty TNHH Thương mại Thạnh Hòa,77017,441,10,TONG_CUC,Trần Quốc Khánh,28/01/2022,https://files.customs.gov.vn/CustomsCMS/TONG_CUC/2022/2/14/125-BCT.PDF,[],https://www.customs.gov.vn/index.jsp?pageId=3&id=77017&cid=1294,2022,01/2022,2026-10-09T04:53:55Z
4939,Thông tư số 03/2022/TT-BCT,28/01/2022,Bộ Công Thương,"Thông tư quy định về việc tạm ngừng kinh doanh tạm nhập tái xuất mặt hàng khẩu trang y tế, găng tay y tế và bộ trang phục phòng, chống dịch",77097,441,4,AN_GIANG,Nguyễn Hồng Diên,15/03/2022,https://files.customs.gov.vn/CustomsCMS/AN_GIANG/2022/2/20/88703-2022-TT-BCT.SAO.PDF,[],https://www.customs.gov.vn/index.jsp?pageId=3&id=77097&cid=1294,2022,01/2022,2026-10-09T04:53:55Z
5059,Nghị định số 101/2021/NĐ-CP,15/11/2021,Chính phủ,"Sửa đổi, bổ sung một số điều của Nghị định số 122/2016/NĐ-CP ngày 01 tháng 9 năm 2016 của Chính phủ và Nghị định số 57/2020/NĐ-CP ngày 25 tháng 5 năm 2020 của Chính phủ sửa đổi, bổ sung một số điều của Nghị định số 122/2016/NĐ-CP ngày 01 tháng 9 năm 2016 của Chính phủ về Biểu thuế xuất khẩu, Biểu thuế nhập khẩu ưu đãi, Danh mục hàng hóa và mức thuế tuyệt đối, thuế hỗn hợp, thuế nhập khẩu ngoài hạn ngạch thuế quan và Nghị định số 125/2017/NĐ-CP ngày 16 tháng 11 năm 2017 sửa đổi, bổ sung một số điều của Nghị định số 122/2016/NĐ-CP",67953,441,8,AN_GIANG,Lê Minh Khái,30/12/2021,https://files.customs.gov.vn/CustomsCMS/AN_GIANG/2021/12/28/101.SIGNED.PDF,[],https://www.customs.gov.vn/index.jsp?pageId=3&id=67953&cid=1294,2021,11/2021,2026-10-09T04:54:01Z
5275,01/2021/TT-BLĐTBXH,18/07/2021,Bộ Lao động - Thương binh và Xã hội,"THÔNG TƯ
Quy định Danh mục sản phẩm, hàng hóa có khả năng gây mất an toàn thuộc trách nhiệm quản lý nhà nước của Bộ Lao động -
Thương binh và Xã hội",77083,441,8,DONG_NAI,null,03/06/2021,https://files.customs.gov.vn/CustomsCMS/DONG_NAI/2022/2/18/01_2021_TT_BLDTBXH_03_06_2021.PDF,[],https://www.customs.gov.vn/index.jsp?pageId=3&id=77083&cid=1294,2021,07/2021,2026-10-09T04:54:01Z
