stt,so_hieu,ngay_ban_hanh,co_quan_ban_hanh,noi_dung_tom_tat,ma_noi_bo,linh_vuc,loai_van_ban,chuyen_trang,nguoi_ky,ngay_hieu_luc,pdf_url,url_chi_tiet,nam,nam_thang,crawled_at
1,03/2022/TT-BCT,28/01/2022,Bộ Công Thương,"Quy định tạm ngừng kinh doanh tạm nhập, tía xuất mặt hàng khẩu trang y tế, găng tay y tế và bộ trang phục phòng chống dịch",76950,441,4,TONG_CUC,Nguyễn Hồng Diên,15/03/2022,https://files.customs.gov.vn/CustomsCMS/TONG_CUC/2022/2/8/03-BCT.PDF,https://www.customs.gov.vn/index.jsp?pageId=3&id=76950&cid=1294,2022,01/2022,2026-10-09T04:53:55Z
2,125/QĐ-BCT,28/01/2022,Bộ Công Thương,Quyết định thu hồi giấy chứng nhận đủ điều kiện kinh doanh xuất khẩu gạo của Công ty TNHH Thương mại Thạnh Hòa,77017,441,10,TONG_CUC,Trần Quốc Khánh,28/01/2022,https://files.customs.gov.vn/CustomsCMS/TONG_CUC/2022/2/14/125-BCT.PDF,https://www.customs.gov.vn/index.jsp?pageId=3&id=77017&cid=1294,2022,01/2022,2026-10-09T04:53:55Z
3,Thông tư số 03/2022/TT-BCT,28/01/2022,Bộ Công Thương,"Thông tư quy định về việc tạm ngừng kinh doanh tạm nhập tái xuất mặt hàng khẩu trang y tế, găng tay y tế và bộ trang phục phòng, chống dịch",77097,441,4,AN_GIANG,Nguyễn Hồng Diên,15/03/2022,https://files.customs.gov.vn/CustomsCMS/AN_GIANG/2022/2/20/88703-2022-TT-BCT.SAO.PDF,https://www.customs.gov.vn/index.jsp?pageId=3&id=77097&cid=1294,2022,01/2022,2026-10-09T04:53:55Z
4,06/2022/TT/BCT,28/02/2022,Bộ Công Thương,Quy định việc nhập khẩu mặt hàng gạo và lá thuốc lá khô có xuất xứ từ vương quốc Campuchia theo hạn ngạch thuế quan năm 2021 và năm 2022,77375,441,4,DONG_NAI,null,28/02/2022,https://files.customs.gov.vn/CustomsCMS/DONG_NAI/2022/3/9/06_2022_TT_BCT_28_02_2022.PDF,https://www.customs.gov.vn/index.jsp?pageId=3&id=77375&cid=1294,2022,02/2022,2026-10-09T04:53:55Z
5,07/2022/TT-BCT,23/03/2022,Bộ Công Thương,Thông tư hướng dẫn thực hiện các biện pháp phòng vệ thương mại  trong Hiệp định Đối tác Kinh tế Toàn diện Khu vực,77791,441,4,AN_GIANG,Nguyễn Hồng Diên,08/05/2022,https://files.customs.gov.vn/CustomsCMS/AN_GIANG/2022/4/7/2022_283 + 284_07-2022-TT-BCT..pdf,https://www.customs.gov.vn/index.jsp?pageId=3&id=77791&cid=1294,2022,03/2022,2026-10-09T04:53:55Z
6,493/QĐ-TTg,19/04/2022,Thủ tướng Chính phủ,Quyết định số 493/QĐ-TTg ngày 19/4/2022 phê duyệt Chiến lược xuất nhập khẩu hàng hóa đến năm 2030,78055,441,10,TONG_CUC,Lê Văn Thành,19/04/2022,https://files.customs.gov.vn/CustomsCMS/TONG_CUC/2022/4/26/QD493TTg.doc,https://www.customs.gov.vn/index.jsp?pageId=3&id=78055&cid=1294,2022,04/2022,2026-10-09T04:53:55Z
7,640/QĐ-BCT,06/04/2022,Bộ Công Thương,Quyết định về kết  quả rà soát lần thứ nhất việc áp dụng biện pháp chống bán phá giá một số sản phẩm  bột ngọt có xuất xứ từ Cộng hòa Indonexia và Cộng hòa nhân dân Trung hoa,78003,441,10,TONG_CUC,Trần Quốc Khánh,null,https://files.customs.gov.vn/CustomsCMS/TONG_CUC/2022/4/22/640-QD-BCT.pdf,https://www.customs.gov.vn/index.jsp?pageId=3&id=78003&cid=1294,2022,04/2022,2026-10-09T04:53:55Z
8,2817/ĐT-ĐNVĐTKD,03/08/2022,Cục Hải quan TPHCM - Chi cục Hải quan QLH Đầu tư,Triển khai các quy định về Danh mục miễn thuế,79929,441,16,TP_HO_CHI_MINH,null,null,https://files.customs.gov.vn/CustomsCMS/TP_HO_CHI_MINH/2022/8/4/2817.pdf,https://www.customs.gov.vn/index.jsp?pageId=3&id=79929&cid=1294,2022,08/2022,2026-10-09T04:53:55Z
9,539/TB-KĐ3,01/08/2022,Tổng cục Hải quan,"Về kết quả phân tích mã số hàng hóa xuất khẩu, nhập khẩu",79971,441,19,TONG_CUC,Nguyễn Thị Thanh Phượng,null,,https://www.customs.gov.vn/index.jsp?pageId=3&id=79971&cid=1294,2022,08/2022,2026-10-09T04:53:55Z
10,3982/TCHQ-GSQL,26/09/2022,Tổng cục Hải quan,Công văn số 3982/TCHQ-GSQL ngày 26/9/2022 của Tổng cục Hải quan v/v xử lý vướng mắc trong quá trình thực hiện Thông tư 23/2021/TT-BTC,80999,441,16,TONG_CUC,Mai Xuân Thành,null,https://files.customs.gov.vn/CustomsCMS/TONG_CUC/2022/9/28/CV39822022TCHQ.PDF,https://www.customs.gov.vn/index.jsp?pageId=3&id=80999&cid=1294,2022,09/2022,2026-10-09T04:53:55Z
11,14741/UBND-KTTC,04/10/2022,UBND,"V/v giao triển khai thực hiện công điện của Bộ trưởng Bộ Tài chính về tiếp tục đẩy mạnh, tăng cường các biện pháp quản lý , điều hành giá",81295,441,16,THANH_HOA,null,null,https://files.customs.gov.vn/CustomsCMS/THANH_HOA/2022/10/18/cv14741.pdf,https://www.customs.gov.vn/index.jsp?pageId=3&id=81295&cid=1294,2022,10/2022,2026-10-09T04:53:55Z
12,2125/QĐ-BTTTT,21/11/2022,Bộ Thông tin và Truyền thông,"Điều chỉnh mã số HS thuộc Danh mục sản phẩm, hàng hóa có khả năng gây mất an toàn thuộc trách nhiệm quản lý của Bộ Thông tin và Truyền thông",81794,441,10,TONG_CUC,Phan Tâm,null,https://files.customs.gov.vn/CustomsCMS/TONG_CUC/2022/11/24/QD2125 BTTTT.doc,https://www.customs.gov.vn/index.jsp?pageId=3&id=81794&cid=1294,2022,11/2022,2026-10-09T04:53:55Z
13,729/TB-KĐ3,02/11/2022,Tổng cục Hải quan,"Về kết quả phân tích kèm mã số hàng hóa xuất khẩu, nhập khẩu",81534,"441, 313",19,TONG_CUC,Nguyễn Thị Thanh Phượng,null,https://files.customs.gov.vn/CustomsCMS/TONG_CUC/2022/11/3/729.pdf,https://www.customs.gov.vn/index.jsp?pageId=3&id=81534&cid=1294,2022,11/2022,2026-10-09T04:53:55Z
