hs_code,danh_muc_file,danh_muc_mota,danh_muc_nhom,tracuuhs_count,tracuuhs_sample
0206.49.00,01-2024-tt-bnnptnt.csv,- - Loại khác,Mục 1,1,503/TB-TCHQ/2018
0210.19.90,01-2024-tt-bnnptnt.csv,- - - Loại khác,Mục 1,2,989/TB-TCHQ/2019
0402.10.91,28-2026-tt-bct.csv,- - - Đóng gói với khối lượng tịnh từ 20 kg trở lên,2,2,2907/TB-TCHQ/2023
0402.29.90,28-2026-tt-bct.csv,- - - Loại khác,2,2,6104/TB-TCHQ/2018
0403.90.90,28-2026-tt-bct.csv,- - Loại khác,2,1,462/TB-TCHQ/2019
0404.10.11,28-2026-tt-bct.csv,"- - - Whey, thích hợp sử dụng cho người (SEN)",2,1,1220/TB-TCHQ/2023
0404.90.00,28-2026-tt-bct.csv,- Loại khác,2,1,852101/TB-TCHQ/2024
0406.20.90,28-2026-tt-bct.csv,- - Loại khác,2,2,526/TB-TCHQ/2019
0406.30.00,28-2026-tt-bct.csv,"- Pho mát đã chế biến, chưa xát nhỏ hoặc chưa làm thành bột",2,2,1489/TB-CHQ/2026
0813.40.90,09-2024-tt-byt.csv,"Đại táo (dạng tươi hoặc khô, đã cắt, nghiền hoặc dạng bột hoặc dạng khác)",11,1,6488/TB-TCHQ/2024
0901.21.20,01-2024-tt-bnnptnt.csv,- - - Đã xay,Mục 10,1,5235/TB-TCHQ/2024
0902.30.90,01-2024-tt-bnnptnt.csv,- - Loại khác,Mục 10,1,7392/TB-TCHQ/2018
1104.19.90,01-2024-tt-bnnptnt.csv,"- - - Loại khác - Ngũ cốc đã chế biến cách khác (ví dụ, xát vỏ nghiền vụn, cắt lát hoặc nghiền thô):",Mục 9,1,6431/TB-TCHQ/2018
1108.20.00,28-2026-tt-bct.csv,- Inulin,4,1,3581/TB-TCHQ/2022
1208.10.00,01-2024-tt-bnnptnt.csv,- Từ đậu tương,Mục 9,1,105/TB-TCHQ/2020
1211.20.00,01-2024-tt-bnnptnt.csv,"- Rễ cây nhân sâm: đã qua chế biến được đóng gói trong bao bì kín, có ghi nhãn",Mục 9,1,529/TB-TCHQ/2019
1211.90.98,01-2024-tt-bnnptnt.csv,"- - - Loại khác, đã cắt, nghiền hoặc dạng bột",Mục 9,3,2232/TB-TCHQ/2023
1211.90.99,01-2024-tt-bnnptnt.csv,- - - Loại khác,Mục 9,2,483/TB-TCHQ/2019
1212.21.19,01-2024-tt-bnnptnt.csv,- - - - Loại khác,Mục 10,1,613/TB-TCHQ/2022
1302.19.90,09-2024-tt-byt.csv,Valerian (Cao chiết xuất từ rễ cây Valerian),7,3,510/TB-TCHQ/2025
1302.39.12,01-2024-tt-bnnptnt.csv,"- - - - Dạng bột, đã tinh chế (SEN)",Mục 10,1,6336/TB-TCHQ/2018
1404.90.99,01-2024-tt-bnnptnt.csv,- - - Loại khác,Mục 9,3,1455/TB-TCHQ/2021
1504.10.90,01-2024-tt-bnnptnt.csv,- - Loại khác - Mỡ và dầu và các phần phân đoạn của,Mục 1,1,288/TB-TCHQ/2025
1507.10.00,28-2026-tt-bct.csv,"- Dầu thô, đã hoặc chưa khử chất nhựa",3,1,234/TB-TCHQ/2019
1512.11.00,28-2026-tt-bct.csv,- - Dầu thô,3,1,2836/TB-TCHQ/2018
1514.19.20,28-2026-tt-bct.csv,- - - Đã tinh chế,3,1,1991/TB-TCHQ/2019
1515.11.00,28-2026-tt-bct.csv,- - Dầu thô,3,1,119/TB-TCHQ/2025
1515.90.31,28-2026-tt-bct.csv,- - - Dầu thô,3,1,6407/TB-TCHQ/2018
1515.90.91,28-2026-tt-bct.csv,- - - Dầu thô,3,7,2837/TB-TCHQ/2018
1515.90.99,28-2026-tt-bct.csv,- - - Loại khác,3,1,100/TB-TCHQ/2021
1516.20.34,28-2026-tt-bct.csv,- - - Của quả cọ dầu (SEN),3,1,1025/TB-TCHQ/2019
1516.20.47,28-2026-tt-bct.csv,- - - Của hạt cọ (SEN),3,1,2455/TB-TCHQ/2018
1517.90.30,28-2026-tt-bct.csv,- - Của loại sử dụng như chế phẩm tách khuôn,3,1,15622/TB-CHQ/2025
1517.90.90,28-2026-tt-bct.csv,- - Loại khác,3,2,4153/TB-TCHQ/2018
1518.00.19,28-2026-tt-bct.csv,- - Loại khác,3,1,4847/TB-TCHQ/2018
1602.32.90,01-2024-tt-bnnptnt.csv,- - - Loại khác,Mục 1,1,362/TB-TCHQ/2025
1702.30.20,01-2024-tt-bnnptnt.csv,- - Xirô glucoza,Mục 10,1,1224/TB-TCHQ/2019
1702.90.91,01-2024-tt-bnnptnt.csv,- - - Xi rô đường,Mục 10,1,901/TB-TCHQ/2019
1704.90.20,28-2026-tt-bct.csv,- - Sô cô la trắng,5,1,2415/TB-TCHQ/2022
1704.90.91,28-2026-tt-bct.csv,"- - - Dẻo, có chứa gelatin (SEN)",5,1,182/TB-TCHQ/2021
1704.90.99,28-2026-tt-bct.csv,- - - Loại khác,5,4,183/TB-TCHQ/2021
1806.31.00,28-2026-tt-bct.csv,- - Có nhân,5,1,2414/TB-TCHQ/2022
1806.32.00,28-2026-tt-bct.csv,- - Không có nhân,5,4,2413/TB-TCHQ/2022
1806.90.90,28-2026-tt-bct.csv,- - Loại khác,5,8,3649/TB-TCHQ/2023
1901.10.20,28-2026-tt-bct.csv,-- Từ sản phẩm thuộc các nhóm từ 04.01 đến 04.04,2,12,6439/TB-TCHQ/2024
1901.90.31,28-2026-tt-bct.csv,- - - Chứa sữa (SEN),2,9,6447/TB-TCHQ/2024
1901.90.99,28-2026-tt-bct.csv,- - - Loại khác,4,7,999006408449/TB-TCHQ/2023
1902.11.00,28-2026-tt-bct.csv,- - Có chứa trứng,4,3,21071/TB-CHQ/2025
1902.19.30,28-2026-tt-bct.csv,- - - Miến,4,1,1762/TB-TCHQ/2018
1902.19.90,28-2026-tt-bct.csv,- - - Loại khác,4,1,2347/TB-TCHQ/2018
1904.20.90,01-2024-tt-bnnptnt.csv,- - Loại khác,Mục 10,1,107391/TB-TCHQ/2018
1904.90.10,01-2024-tt-bnnptnt.csv,"- - Các chế phẩm từ gạo, kể cả gạo đã nấu chín sơ",Mục 10,3,6489/TB-TCHQ/2024
1905.31.10,28-2026-tt-bct.csv,- - - Không chứa ca cao,5,1,186/TB-TCHQ/2021
1905.32.20,28-2026-tt-bct.csv,- - - Bánh xốp (SEN),5,16,1257/TB-TCHQ/2023
1905.90.20,28-2026-tt-bct.csv,- - Bánh quy không ngọt khác,5,3,7286/TB-TCHQ/2018
1905.90.90,28-2026-tt-bct.csv,- - Loại khác,5,1,3058/TB-TCHQ/2018
2001.90.90,01-2024-tt-bnnptnt.csv,- - Loại khác,Mục 10,2,6931/TB-TCHQ/2018
2007.99.90,28-2026-tt-bct.csv,- - - Loại khác,5,1,146/TB-TCHQ/2024
2008.19.99,28-2026-tt-bct.csv,- - - - Loại khác,5,3,2817/TB-TCHQ/2024
2008.30.10,28-2026-tt-bct.csv,- - Đã pha thêm đường hoặc chất tạo ngọt khác hoặc rượu,5,1,4327/TB-TCHQ/2019
2008.97.90,28-2026-tt-bct.csv,- - - Loại khác,5,1,1713/TB-TCHQ/2022
2008.99.30,28-2026-tt-bct.csv,"- - - Từ thân cây, rễ cây và các phần ăn được khác của cây, không bao gồm quả hoặc quả hạch (nuts) đã hoặc chưa pha thêm đường hoặc chất tạo ngọt khác hoặc rượu",5,3,450/TB-TCHQ/2019
2008.99.40,28-2026-tt-bct.csv,"- - - Loại khác, đã pha thêm đường hoặc chất tạo ngọt khác hoặc rượu",5,5,1096/TB-TCHQ/2020
2009.89.99,28-2026-tt-bct.csv,- - - - Loại khác,1,5,420646167/TB-CHQ/2025
2009.90.10,28-2026-tt-bct.csv,- - Phù hợp dùng cho trẻ sơ sinh hoặc trẻ nhỏ,1,5,3386/TB-TCHQ/2019
2101.12.91,01-2024-tt-bnnptnt.csv,"- - - - Các chế phẩm cà phê có thành phần cơ bản là các chiết xuất, tinh chất hoặc chất cô đặc có chứa đường, có chứa hoặc không chứa kem",Mục 10,1,3648/TB-TCHQ/2023
2101.12.99,01-2024-tt-bnnptnt.csv,- - - - Loại khác,Mục 10,2,8993/TB-CHQ/2025
2101.20.30,01-2024-tt-bnnptnt.csv,"- - Các chế phẩm chè gồm hỗn hợp của chè, sữa bột và đường",Mục 10,1,1626/TB-TCHQ/2022
2102.20.10,27-2026-tt-bnnmt.csv,Nấm men bất hoạt,3.4.7,2,7547/TB-TCHQ/2018
2102.20.90,09-2024-tt-byt.csv,Men ỳ,7,2,6015/TB-TCHQ/2024
2102.30.00,01-2024-tt-bnnptnt.csv,- Bột nở đã pha chế,Mục 10,2,1505/TB-TCHQ/2023
2103.20.00,01-2024-tt-bnnptnt.csv,- Ketchup cà chua và nước xốt cà chua khác,Mục 10,1,3224/TB-TCHQ/2018
2103.90.11,01-2024-tt-bnnptnt.csv,- - - Tương ớt,Mục 10,1,3790/TB-TCHQ/2019
2103.90.13,01-2024-tt-bnnptnt.csv,- - - Nước xốt loại khác,Mục 10,5,3662/TB-TCHQ/2019
2103.90.19,01-2024-tt-bnnptnt.csv,- - - Loại khác - - Gia vị hỗn hợp và bột canh hỗn hợp:,Mục 10,1,119262382/TB-CHQ/2025
2103.90.29,01-2024-tt-bnnptnt.csv,- - - Loại khác,Mục 10,8,20321615668/TB-CHQ/2025
2104.10.99,01-2024-tt-bnnptnt.csv,- - - Loại khác,Mục 10,7,3915/TB-TCHQ/2019
2106.10.00,01-2024-tt-bnnptnt.csv,- Protein cô đặc và chất protein được làm rắn (textured protein substances),Mục 10,4,4816/TB-TCHQ/2024
2106.90.41,27-2026-tt-bnnmt.csv,"Gluten: Gluten ngô, gluten mì, gluten khác.",5.1.2.4,1,2196/TB-TCHQ/2023
2106.90.98,27-2026-tt-bnnmt.csv,Chất tạo mùi,3.4.19,9,2306/TB-TCHQ/2024
2106.90.99,01-2024-tt-bnnptnt.csv,- - - Loại khác,Mục 10,21,5523/TB-TCHQ/2024
2202.99.10,28-2026-tt-bct.csv,- - - Đồ uống chứa sữa tiệt trùng có hương liệu,1,1,70/TB-TCHQ/2023
2202.99.30,28-2026-tt-bct.csv,- - - Đồ uống từ nước dừa (SEN),1,1,71/TB-TCHQ/2023
2202.99.50,28-2026-tt-bct.csv,- - - Đồ uống không có ga khác dùng ngay được không cần pha loãng,1,29,26287/TB-CHQ/2025
2202.99.90,28-2026-tt-bct.csv,- - - Loại khác,1,2,7503074/TB-TCHQ/2018
2208.70.10,28-2026-tt-bct.csv,- - Có nồng độ cồn không quá 57% tính theo thể tích,1,20,1752/TB-TCHQ/2022
2209.00.00,01-2024-tt-bnnptnt.csv,Giấm và chất thay thế giấm làm từ axít axetíc,Mục 10,1,64287/TB-TCHQ/2023
2304.00.90,01-2024-tt-bnnptnt.csv,- Loại khác,Mục 9,1,319/TB-TCHQ/2018
2306.10.00,01-2024-tt-bnnptnt.csv,- Từ hạt bông,Mục 9,1,6409/TB-TCHQ/2018
2308.00.00,27-2026-tt-bnnmt.csv,"Rễ, thân, củ, quả (ví dụ khoai, sắn, cà rốt, củ",3.5.2.3,3,810/TB-TCHQ/2022
2309.90.20,27-2026-tt-bnnmt.csv,Thức ăn đậm đặc,3.2,2,5644/TB-CHQ/2026
2501.00.99,01-2024-tt-bnnptnt.csv,2013 biến hoặc loại khác) và PTNT,,1,3536/TB-TCHQ/2019
2518.10.00,27-2026-tt-bnnmt.csv,Dolomite chưa nung hoặc thiêu kết,6.2,1,984/TB-TCHQ/2019
2519.90.90,15-2024-tt-byt.csv,INS 530: Oxyd magnesi,II.262,1,6498/TB-TCHQ/2018
2601.11.90,09-2024-tt-byt.csv,Tử thạch (dạng đã cắt nghiền hoặc dạng bột hoặc dạng khác),11,4,755/TB-TCHQ/2019
2620.91.00,01-2024-tt-bnnptnt.csv,Cadmium compound (Cd),Mục 24,1,618/TB-TCHQ/2018
2710.19.90,15-2024-tt-byt.csv,"INS 905d: Dầu khoáng, độ nhớt cao",II.309,13,15341/TB-TCHQ/2023
2817.00.10,09-2024-tt-byt.csv,Kẽm oxyd,7,1,1142/TB-TCHQ/2018
2823.00.00,15-2024-tt-byt.csv,INS 171: Titan dioxyd,II.43,3,3149/TB-TCHQ/2019
2832.10.00,15-2024-tt-byt.csv,INS 221: Natri sulfit,II.55,3,1767/TB-TCHQ/2018
2832.20.00,15-2024-tt-byt.csv,INS 224: Kali metabisulfit,II.58,1,3120/TB-TCHQ/2019
2833.29.90,09-2024-tt-byt.csv,Sắt sulfat khan,7,2,3996/TB-TCHQ/2019
2834.29.90,33-2026-tt-bct.csv,Natri,6.3,2,2322/TB-TCHQ/2018
2835.26.00,09-2024-tt-byt.csv,Tricalci Phosphate,7,1,3701/TB-TCHQ/2019
2835.29.90,15-2024-tt-byt.csv,INS 340(iii): Trikali phosphat,II.120,2,143/TB-TCHQ/2020
2836.50.90,27-2026-tt-bnnmt.csv,hoặc,3.5.7,1,3246/TB-TCHQ/2019
2842.10.00,27-2026-tt-bnnmt.csv,Nấm men bất hoạt,3.4.9,1,1311/TB-TCHQ/2023
2842.90.90,09-2024-tt-byt.csv,Almagate,7,5,4612/TB-TCHQ/2024
2843.90.00,09-2024-tt-byt.csv,Carboplatin,1,3,517/TB-TCHQ/2025
2846.90.00,09-2024-tt-byt.csv,Acid Gadoteric,7,1,183/TB-TCHQ/2018
2902.90.90,09-2024-tt-byt.csv,Etonogestrel,7,2,134/TB-TCHQ/2020
2907.19.00,09-2024-tt-byt.csv,Propofol,1,2,3131/TB-TCHQ/2019
2909.49.00,09-2024-tt-byt.csv,Glyceryl guaiacolate,7,1,4223/TB-TCHQ/2019
2909.50.00,09-2024-tt-byt.csv,Triclosan,7,1,4167/TB-TCHQ/2019
2914.50.00,09-2024-tt-byt.csv,Nabumetone,7,1,637/TB-TCHQ/2018
2915.39.90,09-2024-tt-byt.csv,Ibuprofen,7,1,2451/TB-TCHQ/2018
2915.90.20,15-2024-tt-byt.csv,INS 243: Lauric argrinat ethyl este,II.66,1,1090/TB-TCHQ/2020
2915.90.90,09-2024-tt-byt.csv,Acid Valproic,1,1,1144/TB-TCHQ/2018
2916.15.00,15-2024-tt-byt.csv,"INS 470(ii): Muối của acid oleic (Ca, Na và K)",II.211,3,1089/TB-TCHQ/2020
2916.19.00,15-2024-tt-byt.csv,INS 200: Acid sorbic,II.46,1,2841/TB-TCHQ/2026
2916.39.90,09-2024-tt-byt.csv,Duxibuprofen,7,1,1560/TB-TCHQ/2018
2917.13.00,09-2024-tt-byt.csv,Acid Azelaic,7,1,2328/TB-TCHQ/2018
2917.19.00,09-2024-tt-byt.csv,Sắt Fumarat,7,4,5464/TB-TCHQ/2022
2918.11.00,27-2026-tt-bnnmt.csv,Hoá chất hữu cơ,3.4.16,1,3429508/TB-TCHQ/2018
2918.15.90,09-2024-tt-byt.csv,Citrat Natri,7,1,530/TB-TCHQ/2018
2918.19.00,09-2024-tt-byt.csv,Acid Ursodesoxycholique,7,5,1672/TB-TCHQ/2020
2918.29.90,09-2024-tt-byt.csv,Ciprofibrate,7,1,753/TB-TCHQ/2019
2920.90.00,15-2024-tt-byt.csv,INS 242: Dimethyl dicarbonat,II.65,4,14/TB-TCHQ/2021
2921.19.00,09-2024-tt-byt.csv,Etamsylate,7,1,525/TB-TCHQ/2018
2921.21.00,15-2024-tt-byt.csv,INS 385: Calci dinatri etylendiamintetraacetat,II.140,1,2123/TB-TCHQ/2020
2921.45.00,09-2024-tt-byt.csv,Thymosin Alpha 1,1,1,3181/TB-TCHQ/2019
2921.59.00,09-2024-tt-byt.csv,Dapsone,5,2,3244/TB-TCHQ/2019
2922.19.90,09-2024-tt-byt.csv,Betaxolol,7,3,1953/TB-TCHQ/2018
2922.49.00,09-2024-tt-byt.csv,Procain hydroclorid,1,8,3031/TB-TCHQ/2022
2922.50.90,09-2024-tt-byt.csv,Mitoxantrone,1,2,3994/TB-TCHQ/2021
2923.90.00,09-2024-tt-byt.csv,Suxamethonium clorid,1,3,1054/TB-TCHQ/2018
2924.19.90,09-2024-tt-byt.csv,Flutamide,1,11,3547/TB-TCHQ/2019
2924.29.10,15-2024-tt-byt.csv,INS 951: Aspartam,II.320,1,7117/TB-TCHQ/2018
2924.29.90,09-2024-tt-byt.csv,Cetrorelix,1,1,2124/TB-TCHQ/2020
2925.29.00,09-2024-tt-byt.csv,Chlorhexidine,7,2,1963/TB-TCHQ/2020
2928.00.90,09-2024-tt-byt.csv,Desferoxamin Mesylate,7,1,1022/TB-TCHQ/2020
2930.90.90,09-2024-tt-byt.csv,Bicalutamide,1,2,2321/TB-TCHQ/2018
2931.90.90,09-2024-tt-byt.csv,Pamidronate sodium,1,4,3748/TB-TCHQ/2019
2932.19.00,09-2024-tt-byt.csv,Nifuroxime,5,1,326/TB-TCHQ/2020
2932.20.90,09-2024-tt-byt.csv,Lovastain,7,1,754/TB-TCHQ/2019
2932.99.00,09-2024-tt-byt.csv,Docetaxel,1,1,5317/TB-TCHQ/2024
2933.29.00,09-2024-tt-byt.csv,Dacarbazin,1,1,3180/TB-TCHQ/2019
2933.39.90,09-2024-tt-byt.csv,Bupivacain,1,1,6309/TB-TCHQ/2020
2933.49.90,09-2024-tt-byt.csv,Atracurium Besylale,1,1,2890/TB-TCHQ/2018
2933.79.00,09-2024-tt-byt.csv,Sunitinib,1,1,4613/TB-TCHQ/2024
2933.99.90,09-2024-tt-byt.csv,Anastrozole,1,3,6310/TB-TCHQ/2020
2934.10.00,09-2024-tt-byt.csv,Epalrestat,7,1,601/TB-TCHQ/2018
2934.99.90,09-2024-tt-byt.csv,Azacitidin,1,1,1793/TB-TCHQ/2018
2935.90.00,09-2024-tt-byt.csv,Pazopanib,1,1,109/TB-TCHQ/2020
2936.21.00,09-2024-tt-byt.csv,Tritenoin (All-Trans Retinoic Acid),1,2,3152/TB-TCHQ/2019
2936.28.00,09-2024-tt-byt.csv,D-alpha-tocopheryl acetat,7,5,3300/TB-TCHQ/2024
2936.29.00,09-2024-tt-byt.csv,Acid Folic,7,2,1140/TB-TCHQ/2020
2936.90.00,27-2026-tt-bnnmt.csv,Sửa đổi 1:2021,3.4,5,1184/TB-CHQ/2025
2937.29.00,09-2024-tt-byt.csv,Abirateron,1,1,635/TB-TCHQ/2018
2937.90.10,09-2024-tt-byt.csv,Adrenalin,7,1,535/TB-TCHQ/2018
2938.90.00,09-2024-tt-byt.csv,Etoposide,1,1,6276/TB-TCHQ/2020
2939.79.00,09-2024-tt-byt.csv,Atropin sulfat,1,1,3919/TB-TCHQ/2019
2940.00.00,09-2024-tt-byt.csv,Fuctose-1 -6-diphosphate sodium,7,2,3159/TB-TCHQ/2019
2942.00.00,09-2024-tt-byt.csv,Topotccan,1,1,6764/TB-TCHQ/2018
3002.49.00,09-2024-tt-byt.csv,Bacillus clausii,7,1,5197/TB-TCHQ/2024
3002.90.00,09-2024-tt-byt.csv,Botulinum toxin,1,1,1897/TB-TCHQ/2020
3003.20.00,27-2026-tt-bnnmt.csv,"Loại khác, chứa kháng sinh",4.1.1.2,3,1003920/TB-TCHQ/2019
3003.90.00,27-2026-tt-bnnmt.csv,Loại khác,4.1.1.3,2,3800/TB-TCHQ/2019
3004.20.71,09-2024-tt-byt.csv,Chloramphenicol (Dạng uống hoặc dạng mỡ),5,1,2719/TB-TCHQ/2018
3004.20.91,09-2024-tt-byt.csv,Bacitracin Zn (Dạng uống hoặc dạng mỡ),5,2,1771/TB-TCHQ/2023
3004.20.99,09-2024-tt-byt.csv,Dactinomycin,1,5,313/TB-TCHQ/2024
3004.32.90,09-2024-tt-byt.csv,Choriogonadotropine alfa,1,3,25114/TB-CHQ/2025
3004.39.00,09-2024-tt-byt.csv,Estradiol,1,2,2258/TB-TCHQ/2024
3004.90.51,09-2024-tt-byt.csv,Acid acetyl salicylic (Dạng uống),8,1,2036/TB-TCHQ/2020
3004.90.59,09-2024-tt-byt.csv,Talniflumate,1,3,223/TB-CHQ/2025
3004.90.89,09-2024-tt-byt.csv,Abirateron,1,3,406063/TB-CHQ/2026
3004.90.99,09-2024-tt-byt.csv,Desfluran,1,33,15745/TB-CHQ/2025
3005.10.10,09-2024-tt-byt.csv,Thuốc thành phẩm chứa: Mentha oil; eucalyptus oil; lavenda oil,9,2,30872/TB-CHQ/2025
3005.10.90,19-2024-tt-byt.csv,Băng dán và các sản phẩm có một lớp dính không tráng phủ hoặc không thấm tẩm dược chất,3,2,4224/TB-TCHQ/2019
3005.90.90,19-2024-tt-byt.csv,Gel bôi vết thương hở,6,4,6208/TB-TCHQ/2024
3006.40.10,19-2024-tt-byt.csv,Xi măng hàn răng và các chất hàn răng khác,11,1,619/TB-TCHQ/2025
3102.10.00,09-2024-tt-byt.csv,Urea,7,1,4389/TB-TCHQ/2022
3105.90.00,27-2026-tt-bnnmt.csv,31.05,2.5.9,1,2152/TB-TCHQ/2020
3204.17.10,15-2024-tt-byt.csv,INS 122: Azorubin (Carmoisin),II.9,2,1029/TB-TCHQ/2019
3204.17.90,15-2024-tt-byt.csv,INS 129: Allura red AC,II.13,2,7122/TB-TCHQ/2018
3208.20.90,33-2026-tt-bct.csv,Các loại sơn,2.5,4,25005419/TB-TCHQ/2022
3208.90.90,33-2026-tt-bct.csv,Các loại sơn,2.5,26,185/TB-TCHQ/2024
3301.19.00,27-2026-tt-bnnmt.csv,Tinh dầu thực vật,3.4.21,1,5139/TB-TCHQ/2022
3302.90.00,09-2024-tt-byt.csv,Myrtol,7,2,924/TB-TCHQ/2023
3304.99.30,09-2024-tt-byt.csv,"Kem, nhũ tương, sữa, gel hoặc dầu dùng trên da (tay, mặt, chân.....)",14,8,1061/TB-TCHQ/2022
3304.99.90,09-2024-tt-byt.csv,"Nhũ tương, gel hoặc dầu dùng trên da khác để dưỡng da khác",14,12,1663/TB-TCHQ/2023
3307.20.00,09-2024-tt-byt.csv,Sản phẩm khử mùi và chống mùi (giảm mùi mồ hôi),14,1,6504/TB-TCHQ/2018
3307.90.50,19-2024-tt-byt.csv,Dung dịch dùng cho kính áp tròng hoặc mắt nhân tạo,18,5,1548/TB-TCHQ/2024
3307.90.90,19-2024-tt-byt.csv,Dung dịch muối biển vệ sinh mũi; xịt mũi nước biển; xịt tai dùng cho mục đích vệ sinh (ở dạng đóng gói bán lẻ),19,9,4055/TB-TCHQ/2024
3401.11.40,09-2024-tt-byt.csv,Thuốc thành phẩm chứa: sulphur; Salicylic acid,9,2,717/TB-TCHQ/2023
3401.30.00,09-2024-tt-byt.csv,Sản phẩm vệ sinh cơ quan sinh dục ngoài (trừ các loại thuốc chữa bệnh cơ quan sinh dục ngoài đã được Bộ Y tế cấp SĐK lưu hành hoặc cấp giấy phép nhập khẩu),14,1,6065/TB-TCHQ/2018
3404.90.90,15-2024-tt-byt.csv,INS E914: Sáp oxidised polyethylene,II.312,1,4514/TB-TCHQ/2023
3504.00.00,01-2024-tt-bnnptnt.csv,"chúng, chưa được chi tiết hoặc ghi ở nơi khác; bột da sống, đã hoặc chưa crom hóa",Mục 1,11,2517/TB-TCHQ/2024
3505.10.10,15-2024-tt-byt.csv,INS 457: alpha-Cyclodextrin,II.196,1,1413/TB-CHQ/2025
3505.10.90,15-2024-tt-byt.csv,INS 459: beta-Cyclodextrin,II.198,2,1671/TB-TCHQ/2020
3506.10.00,27-2026-tt-bnnmt.csv,"(premix khoáng), hỗn hợp vitamin (premix",6.8,8,23312/TB-TCHQ/2024
3507.90.00,09-2024-tt-byt.csv,Alpha amylase,7,1,5678/TB-TCHQ/2022
3806.30.10,15-2024-tt-byt.csv,INS 445(iii): Glycerol ester của nhựa cây,II.180,1,921/TB-TCHQ/2019
3808.92.90,27-2026-tt-bnnmt.csv,Hóa chất dùng trong Thú y,4.2,3,796/TB-TCHQ/2019
3808.93.19,27-2026-tt-bnnmt.csv,Thuốc bảo vệ thực vật,1.3,1,1145/TB-TCHQ/2018
3808.93.20,27-2026-tt-bnnmt.csv,Thuốc bảo vệ thực vật,1.3,1,1781/TB-TCHQ/2020
3808.94.90,19-2024-tt-byt.csv,"Sản phẩm khử trùng và các sản phẩm tương tự, được làm thành dạng nhất định hoặc đóng gói để bán lẻ hoặc như các chế phẩm hoặc sản phẩm dùng để khử trùng, khử khuẩn, tiệt khuẩn thiết bị y tế",21,2,30820/TB-CHQ/2025
3808.99.10,27-2026-tt-bnnmt.csv,Thuốc bảo vệ thực vật,1.5.1,1,602/TB-TCHQ/2018
3808.99.90,27-2026-tt-bnnmt.csv,"(premix khoáng), hỗn hợp vitamin (premix",6.8,3,5108/TB-TCHQ/2022
3824.40.00,41-2026-tt-bxd.csv,Thạch cao phospho dùng để sản xuất xi măng,6,3,9004561/TB-TCHQ/2021
3824.99.70,15-2024-tt-byt.csv,INS 474: Sucroglycerid,II.220,18,6017/TB-TCHQ/2024
3824.99.99,09-2024-tt-byt.csv,Hydrotalcite (Magne Nhôm Hydroxyd - Carbonat Hydrat),7,179,1288/TB-TCHQ/2026
