ma_hs,mo_ta,nhom,phu_luc,loai_tac_dong,muc_rui_ro,dieu_kien,dan_chieu,trang
84713090,"Sản phẩm bảo mật luồng IP sử dụng công nghệ IPsec và TLS — sản phẩm có chức năng mã hoá/giải mã, ký số/xác thực dữ liệu truyền, nhận trên môi trường mạng (IPsec VPN, TLS VPN)",1,Phụ lục,KIEM_TRA_CHAT_LUONG,CAO,"CHỈ sản phẩm có chức năng mật mã (mã hoá/giải mã, ký số) bảo vệ thông tin không thuộc bí mật nhà nước; QCVN 12:2022/BQP và Sửa đổi 1:2026; Công bố hợp quy trên cơ sở kết quả chứng nhận hợp quy của tổ chức chứng nhận được chỉ định; phương thức 5 hoặc 7 theo TT 14/2026/TT-BKHCN; hàng nhập khẩu kiểm tra nhà nước về chất lượng",,5
84714190,"Sản phẩm bảo mật luồng IP sử dụng công nghệ IPsec và TLS — sản phẩm có chức năng mã hoá/giải mã, ký số/xác thực dữ liệu truyền, nhận trên môi trường mạng (IPsec VPN, TLS VPN)",1,Phụ lục,KIEM_TRA_CHAT_LUONG,CAO,"CHỈ sản phẩm có chức năng mật mã (mã hoá/giải mã, ký số) bảo vệ thông tin không thuộc bí mật nhà nước; QCVN 12:2022/BQP và Sửa đổi 1:2026; Công bố hợp quy trên cơ sở kết quả chứng nhận hợp quy của tổ chức chứng nhận được chỉ định; phương thức 5 hoặc 7 theo TT 14/2026/TT-BKHCN; hàng nhập khẩu kiểm tra nhà nước về chất lượng",,5
84714990,"Sản phẩm bảo mật luồng IP sử dụng công nghệ IPsec và TLS — sản phẩm có chức năng mã hoá/giải mã, ký số/xác thực dữ liệu truyền, nhận trên môi trường mạng (IPsec VPN, TLS VPN)",1,Phụ lục,KIEM_TRA_CHAT_LUONG,CAO,"CHỈ sản phẩm có chức năng mật mã (mã hoá/giải mã, ký số) bảo vệ thông tin không thuộc bí mật nhà nước; QCVN 12:2022/BQP và Sửa đổi 1:2026; Công bố hợp quy trên cơ sở kết quả chứng nhận hợp quy của tổ chức chứng nhận được chỉ định; phương thức 5 hoặc 7 theo TT 14/2026/TT-BKHCN; hàng nhập khẩu kiểm tra nhà nước về chất lượng",,5
85176242,"Sản phẩm bảo mật luồng IP sử dụng công nghệ IPsec và TLS — sản phẩm có chức năng mã hoá/giải mã, ký số/xác thực dữ liệu truyền, nhận trên môi trường mạng (IPsec VPN, TLS VPN)",1,Phụ lục,KIEM_TRA_CHAT_LUONG,CAO,"CHỈ sản phẩm có chức năng mật mã (mã hoá/giải mã, ký số) bảo vệ thông tin không thuộc bí mật nhà nước; QCVN 12:2022/BQP và Sửa đổi 1:2026; Công bố hợp quy trên cơ sở kết quả chứng nhận hợp quy của tổ chức chứng nhận được chỉ định; phương thức 5 hoặc 7 theo TT 14/2026/TT-BKHCN; hàng nhập khẩu kiểm tra nhà nước về chất lượng",,5
85176243,"Sản phẩm bảo mật luồng IP sử dụng công nghệ IPsec và TLS — sản phẩm có chức năng mã hoá/giải mã, ký số/xác thực dữ liệu truyền, nhận trên môi trường mạng (IPsec VPN, TLS VPN)",1,Phụ lục,KIEM_TRA_CHAT_LUONG,CAO,"CHỈ sản phẩm có chức năng mật mã (mã hoá/giải mã, ký số) bảo vệ thông tin không thuộc bí mật nhà nước; QCVN 12:2022/BQP và Sửa đổi 1:2026; Công bố hợp quy trên cơ sở kết quả chứng nhận hợp quy của tổ chức chứng nhận được chỉ định; phương thức 5 hoặc 7 theo TT 14/2026/TT-BKHCN; hàng nhập khẩu kiểm tra nhà nước về chất lượng",,5
85176249,"Sản phẩm bảo mật luồng IP sử dụng công nghệ IPsec và TLS — sản phẩm có chức năng mã hoá/giải mã, ký số/xác thực dữ liệu truyền, nhận trên môi trường mạng (IPsec VPN, TLS VPN)",1,Phụ lục,KIEM_TRA_CHAT_LUONG,CAO,"CHỈ sản phẩm có chức năng mật mã (mã hoá/giải mã, ký số) bảo vệ thông tin không thuộc bí mật nhà nước; QCVN 12:2022/BQP và Sửa đổi 1:2026; Công bố hợp quy trên cơ sở kết quả chứng nhận hợp quy của tổ chức chứng nhận được chỉ định; phương thức 5 hoặc 7 theo TT 14/2026/TT-BKHCN; hàng nhập khẩu kiểm tra nhà nước về chất lượng",,5
85176251,"Sản phẩm bảo mật luồng IP sử dụng công nghệ IPsec và TLS — sản phẩm có chức năng mã hoá/giải mã, ký số/xác thực dữ liệu truyền, nhận trên môi trường mạng (IPsec VPN, TLS VPN)",1,Phụ lục,KIEM_TRA_CHAT_LUONG,CAO,"CHỈ sản phẩm có chức năng mật mã (mã hoá/giải mã, ký số) bảo vệ thông tin không thuộc bí mật nhà nước; QCVN 12:2022/BQP và Sửa đổi 1:2026; Công bố hợp quy trên cơ sở kết quả chứng nhận hợp quy của tổ chức chứng nhận được chỉ định; phương thức 5 hoặc 7 theo TT 14/2026/TT-BKHCN; hàng nhập khẩu kiểm tra nhà nước về chất lượng",,5
85176253,"Sản phẩm bảo mật luồng IP sử dụng công nghệ IPsec và TLS — sản phẩm có chức năng mã hoá/giải mã, ký số/xác thực dữ liệu truyền, nhận trên môi trường mạng (IPsec VPN, TLS VPN)",1,Phụ lục,KIEM_TRA_CHAT_LUONG,CAO,"CHỈ sản phẩm có chức năng mật mã (mã hoá/giải mã, ký số) bảo vệ thông tin không thuộc bí mật nhà nước; QCVN 12:2022/BQP và Sửa đổi 1:2026; Công bố hợp quy trên cơ sở kết quả chứng nhận hợp quy của tổ chức chứng nhận được chỉ định; phương thức 5 hoặc 7 theo TT 14/2026/TT-BKHCN; hàng nhập khẩu kiểm tra nhà nước về chất lượng",,5
85176259,"Sản phẩm bảo mật luồng IP sử dụng công nghệ IPsec và TLS — sản phẩm có chức năng mã hoá/giải mã, ký số/xác thực dữ liệu truyền, nhận trên môi trường mạng (IPsec VPN, TLS VPN)",1,Phụ lục,KIEM_TRA_CHAT_LUONG,CAO,"CHỈ sản phẩm có chức năng mật mã (mã hoá/giải mã, ký số) bảo vệ thông tin không thuộc bí mật nhà nước; QCVN 12:2022/BQP và Sửa đổi 1:2026; Công bố hợp quy trên cơ sở kết quả chứng nhận hợp quy của tổ chức chứng nhận được chỉ định; phương thức 5 hoặc 7 theo TT 14/2026/TT-BKHCN; hàng nhập khẩu kiểm tra nhà nước về chất lượng",,5
85176261,"Sản phẩm bảo mật luồng IP sử dụng công nghệ IPsec và TLS — sản phẩm có chức năng mã hoá/giải mã, ký số/xác thực dữ liệu truyền, nhận trên môi trường mạng (IPsec VPN, TLS VPN)",1,Phụ lục,KIEM_TRA_CHAT_LUONG,CAO,"CHỈ sản phẩm có chức năng mật mã (mã hoá/giải mã, ký số) bảo vệ thông tin không thuộc bí mật nhà nước; QCVN 12:2022/BQP và Sửa đổi 1:2026; Công bố hợp quy trên cơ sở kết quả chứng nhận hợp quy của tổ chức chứng nhận được chỉ định; phương thức 5 hoặc 7 theo TT 14/2026/TT-BKHCN; hàng nhập khẩu kiểm tra nhà nước về chất lượng",,5
85176269,"Sản phẩm bảo mật luồng IP sử dụng công nghệ IPsec và TLS — sản phẩm có chức năng mã hoá/giải mã, ký số/xác thực dữ liệu truyền, nhận trên môi trường mạng (IPsec VPN, TLS VPN)",1,Phụ lục,KIEM_TRA_CHAT_LUONG,CAO,"CHỈ sản phẩm có chức năng mật mã (mã hoá/giải mã, ký số) bảo vệ thông tin không thuộc bí mật nhà nước; QCVN 12:2022/BQP và Sửa đổi 1:2026; Công bố hợp quy trên cơ sở kết quả chứng nhận hợp quy của tổ chức chứng nhận được chỉ định; phương thức 5 hoặc 7 theo TT 14/2026/TT-BKHCN; hàng nhập khẩu kiểm tra nhà nước về chất lượng",,5
85176291,"Sản phẩm bảo mật luồng IP sử dụng công nghệ IPsec và TLS — sản phẩm có chức năng mã hoá/giải mã, ký số/xác thực dữ liệu truyền, nhận trên môi trường mạng (IPsec VPN, TLS VPN)",1,Phụ lục,KIEM_TRA_CHAT_LUONG,CAO,"CHỈ sản phẩm có chức năng mật mã (mã hoá/giải mã, ký số) bảo vệ thông tin không thuộc bí mật nhà nước; QCVN 12:2022/BQP và Sửa đổi 1:2026; Công bố hợp quy trên cơ sở kết quả chứng nhận hợp quy của tổ chức chứng nhận được chỉ định; phương thức 5 hoặc 7 theo TT 14/2026/TT-BKHCN; hàng nhập khẩu kiểm tra nhà nước về chất lượng",,5
85176292,"Sản phẩm bảo mật luồng IP sử dụng công nghệ IPsec và TLS — sản phẩm có chức năng mã hoá/giải mã, ký số/xác thực dữ liệu truyền, nhận trên môi trường mạng (IPsec VPN, TLS VPN)",1,Phụ lục,KIEM_TRA_CHAT_LUONG,CAO,"CHỈ sản phẩm có chức năng mật mã (mã hoá/giải mã, ký số) bảo vệ thông tin không thuộc bí mật nhà nước; QCVN 12:2022/BQP và Sửa đổi 1:2026; Công bố hợp quy trên cơ sở kết quả chứng nhận hợp quy của tổ chức chứng nhận được chỉ định; phương thức 5 hoặc 7 theo TT 14/2026/TT-BKHCN; hàng nhập khẩu kiểm tra nhà nước về chất lượng",,5
85176299,"Sản phẩm bảo mật luồng IP sử dụng công nghệ IPsec và TLS — sản phẩm có chức năng mã hoá/giải mã, ký số/xác thực dữ liệu truyền, nhận trên môi trường mạng (IPsec VPN, TLS VPN)",1,Phụ lục,KIEM_TRA_CHAT_LUONG,CAO,"CHỈ sản phẩm có chức năng mật mã (mã hoá/giải mã, ký số) bảo vệ thông tin không thuộc bí mật nhà nước; QCVN 12:2022/BQP và Sửa đổi 1:2026; Công bố hợp quy trên cơ sở kết quả chứng nhận hợp quy của tổ chức chứng nhận được chỉ định; phương thức 5 hoặc 7 theo TT 14/2026/TT-BKHCN; hàng nhập khẩu kiểm tra nhà nước về chất lượng",,5
84718090,"Sản phẩm bảo mật dữ liệu lưu giữ — sản phẩm có chức năng mã hoá/giải mã dữ liệu lưu giữ (thẻ thông minh, USB, bộ nhớ mạch điện tử tích hợp, hệ thống lưu giữ chuyên dụng, điện toán đám mây)",2,Phụ lục,KIEM_TRA_CHAT_LUONG,CAO,"CHỈ sản phẩm có chức năng mật mã (mã hoá/giải mã, ký số) bảo vệ thông tin không thuộc bí mật nhà nước; QCVN 15:2023/BQP và Sửa đổi 1:2026; Công bố hợp quy trên cơ sở kết quả chứng nhận hợp quy của tổ chức chứng nhận được chỉ định; phương thức 5 hoặc 7 theo TT 14/2026/TT-BKHCN; hàng nhập khẩu kiểm tra nhà nước về chất lượng",,5
85235111,"Sản phẩm bảo mật dữ liệu lưu giữ — sản phẩm có chức năng mã hoá/giải mã dữ liệu lưu giữ (thẻ thông minh, USB, bộ nhớ mạch điện tử tích hợp, hệ thống lưu giữ chuyên dụng, điện toán đám mây)",2,Phụ lục,KIEM_TRA_CHAT_LUONG,CAO,"CHỈ sản phẩm có chức năng mật mã (mã hoá/giải mã, ký số) bảo vệ thông tin không thuộc bí mật nhà nước; QCVN 15:2023/BQP và Sửa đổi 1:2026; Công bố hợp quy trên cơ sở kết quả chứng nhận hợp quy của tổ chức chứng nhận được chỉ định; phương thức 5 hoặc 7 theo TT 14/2026/TT-BKHCN; hàng nhập khẩu kiểm tra nhà nước về chất lượng",,5
85235121,"Sản phẩm bảo mật dữ liệu lưu giữ — sản phẩm có chức năng mã hoá/giải mã dữ liệu lưu giữ (thẻ thông minh, USB, bộ nhớ mạch điện tử tích hợp, hệ thống lưu giữ chuyên dụng, điện toán đám mây)",2,Phụ lục,KIEM_TRA_CHAT_LUONG,CAO,"CHỈ sản phẩm có chức năng mật mã (mã hoá/giải mã, ký số) bảo vệ thông tin không thuộc bí mật nhà nước; QCVN 15:2023/BQP và Sửa đổi 1:2026; Công bố hợp quy trên cơ sở kết quả chứng nhận hợp quy của tổ chức chứng nhận được chỉ định; phương thức 5 hoặc 7 theo TT 14/2026/TT-BKHCN; hàng nhập khẩu kiểm tra nhà nước về chất lượng",,5
85235199,"Sản phẩm bảo mật dữ liệu lưu giữ — sản phẩm có chức năng mã hoá/giải mã dữ liệu lưu giữ (thẻ thông minh, USB, bộ nhớ mạch điện tử tích hợp, hệ thống lưu giữ chuyên dụng, điện toán đám mây)",2,Phụ lục,KIEM_TRA_CHAT_LUONG,CAO,"CHỈ sản phẩm có chức năng mật mã (mã hoá/giải mã, ký số) bảo vệ thông tin không thuộc bí mật nhà nước; QCVN 15:2023/BQP và Sửa đổi 1:2026; Công bố hợp quy trên cơ sở kết quả chứng nhận hợp quy của tổ chức chứng nhận được chỉ định; phương thức 5 hoặc 7 theo TT 14/2026/TT-BKHCN; hàng nhập khẩu kiểm tra nhà nước về chất lượng",,5
85235200,"Sản phẩm bảo mật dữ liệu lưu giữ — sản phẩm có chức năng mã hoá/giải mã dữ liệu lưu giữ (thẻ thông minh, USB, bộ nhớ mạch điện tử tích hợp, hệ thống lưu giữ chuyên dụng, điện toán đám mây)",2,Phụ lục,KIEM_TRA_CHAT_LUONG,CAO,"CHỈ sản phẩm có chức năng mật mã (mã hoá/giải mã, ký số) bảo vệ thông tin không thuộc bí mật nhà nước; QCVN 15:2023/BQP và Sửa đổi 1:2026; Công bố hợp quy trên cơ sở kết quả chứng nhận hợp quy của tổ chức chứng nhận được chỉ định; phương thức 5 hoặc 7 theo TT 14/2026/TT-BKHCN; hàng nhập khẩu kiểm tra nhà nước về chất lượng",,5
85423200,"Sản phẩm bảo mật dữ liệu lưu giữ — sản phẩm có chức năng mã hoá/giải mã dữ liệu lưu giữ (thẻ thông minh, USB, bộ nhớ mạch điện tử tích hợp, hệ thống lưu giữ chuyên dụng, điện toán đám mây)",2,Phụ lục,KIEM_TRA_CHAT_LUONG,CAO,"CHỈ sản phẩm có chức năng mật mã (mã hoá/giải mã, ký số) bảo vệ thông tin không thuộc bí mật nhà nước; QCVN 15:2023/BQP và Sửa đổi 1:2026; Công bố hợp quy trên cơ sở kết quả chứng nhận hợp quy của tổ chức chứng nhận được chỉ định; phương thức 5 hoặc 7 theo TT 14/2026/TT-BKHCN; hàng nhập khẩu kiểm tra nhà nước về chất lượng",,5
84713090,"Sản phẩm mật mã dân sự sử dụng trong lĩnh vực ngân hàng — sản phẩm có chức năng mã hoá/giải mã, ký số/xác thực dữ liệu truyền, nhận, lưu giữ trong lĩnh vực ngân hàng",3,Phụ lục,KIEM_TRA_CHAT_LUONG,CAO,"CHỈ sản phẩm có chức năng mật mã (mã hoá/giải mã, ký số) bảo vệ thông tin không thuộc bí mật nhà nước; QCVN 4:2026/BQP, QCVN 5:2016/BQP, QCVN 6:2016/BQP; Công bố hợp quy trên cơ sở kết quả chứng nhận hợp quy của tổ chức chứng nhận được chỉ định; phương thức 5 hoặc 7 theo TT 14/2026/TT-BKHCN; hàng nhập khẩu kiểm tra nhà nước về chất lượng",,6
84714190,"Sản phẩm mật mã dân sự sử dụng trong lĩnh vực ngân hàng — sản phẩm có chức năng mã hoá/giải mã, ký số/xác thực dữ liệu truyền, nhận, lưu giữ trong lĩnh vực ngân hàng",3,Phụ lục,KIEM_TRA_CHAT_LUONG,CAO,"CHỈ sản phẩm có chức năng mật mã (mã hoá/giải mã, ký số) bảo vệ thông tin không thuộc bí mật nhà nước; QCVN 4:2026/BQP, QCVN 5:2016/BQP, QCVN 6:2016/BQP; Công bố hợp quy trên cơ sở kết quả chứng nhận hợp quy của tổ chức chứng nhận được chỉ định; phương thức 5 hoặc 7 theo TT 14/2026/TT-BKHCN; hàng nhập khẩu kiểm tra nhà nước về chất lượng",,6
84714990,"Sản phẩm mật mã dân sự sử dụng trong lĩnh vực ngân hàng — sản phẩm có chức năng mã hoá/giải mã, ký số/xác thực dữ liệu truyền, nhận, lưu giữ trong lĩnh vực ngân hàng",3,Phụ lục,KIEM_TRA_CHAT_LUONG,CAO,"CHỈ sản phẩm có chức năng mật mã (mã hoá/giải mã, ký số) bảo vệ thông tin không thuộc bí mật nhà nước; QCVN 4:2026/BQP, QCVN 5:2016/BQP, QCVN 6:2016/BQP; Công bố hợp quy trên cơ sở kết quả chứng nhận hợp quy của tổ chức chứng nhận được chỉ định; phương thức 5 hoặc 7 theo TT 14/2026/TT-BKHCN; hàng nhập khẩu kiểm tra nhà nước về chất lượng",,6
84718090,"Sản phẩm mật mã dân sự sử dụng trong lĩnh vực ngân hàng — sản phẩm có chức năng mã hoá/giải mã, ký số/xác thực dữ liệu truyền, nhận, lưu giữ trong lĩnh vực ngân hàng",3,Phụ lục,KIEM_TRA_CHAT_LUONG,CAO,"CHỈ sản phẩm có chức năng mật mã (mã hoá/giải mã, ký số) bảo vệ thông tin không thuộc bí mật nhà nước; QCVN 4:2026/BQP, QCVN 5:2016/BQP, QCVN 6:2016/BQP; Công bố hợp quy trên cơ sở kết quả chứng nhận hợp quy của tổ chức chứng nhận được chỉ định; phương thức 5 hoặc 7 theo TT 14/2026/TT-BKHCN; hàng nhập khẩu kiểm tra nhà nước về chất lượng",,6
85176242,"Sản phẩm mật mã dân sự sử dụng trong lĩnh vực ngân hàng — sản phẩm có chức năng mã hoá/giải mã, ký số/xác thực dữ liệu truyền, nhận, lưu giữ trong lĩnh vực ngân hàng",3,Phụ lục,KIEM_TRA_CHAT_LUONG,CAO,"CHỈ sản phẩm có chức năng mật mã (mã hoá/giải mã, ký số) bảo vệ thông tin không thuộc bí mật nhà nước; QCVN 4:2026/BQP, QCVN 5:2016/BQP, QCVN 6:2016/BQP; Công bố hợp quy trên cơ sở kết quả chứng nhận hợp quy của tổ chức chứng nhận được chỉ định; phương thức 5 hoặc 7 theo TT 14/2026/TT-BKHCN; hàng nhập khẩu kiểm tra nhà nước về chất lượng",,6
85176243,"Sản phẩm mật mã dân sự sử dụng trong lĩnh vực ngân hàng — sản phẩm có chức năng mã hoá/giải mã, ký số/xác thực dữ liệu truyền, nhận, lưu giữ trong lĩnh vực ngân hàng",3,Phụ lục,KIEM_TRA_CHAT_LUONG,CAO,"CHỈ sản phẩm có chức năng mật mã (mã hoá/giải mã, ký số) bảo vệ thông tin không thuộc bí mật nhà nước; QCVN 4:2026/BQP, QCVN 5:2016/BQP, QCVN 6:2016/BQP; Công bố hợp quy trên cơ sở kết quả chứng nhận hợp quy của tổ chức chứng nhận được chỉ định; phương thức 5 hoặc 7 theo TT 14/2026/TT-BKHCN; hàng nhập khẩu kiểm tra nhà nước về chất lượng",,6
85176249,"Sản phẩm mật mã dân sự sử dụng trong lĩnh vực ngân hàng — sản phẩm có chức năng mã hoá/giải mã, ký số/xác thực dữ liệu truyền, nhận, lưu giữ trong lĩnh vực ngân hàng",3,Phụ lục,KIEM_TRA_CHAT_LUONG,CAO,"CHỈ sản phẩm có chức năng mật mã (mã hoá/giải mã, ký số) bảo vệ thông tin không thuộc bí mật nhà nước; QCVN 4:2026/BQP, QCVN 5:2016/BQP, QCVN 6:2016/BQP; Công bố hợp quy trên cơ sở kết quả chứng nhận hợp quy của tổ chức chứng nhận được chỉ định; phương thức 5 hoặc 7 theo TT 14/2026/TT-BKHCN; hàng nhập khẩu kiểm tra nhà nước về chất lượng",,6
85176251,"Sản phẩm mật mã dân sự sử dụng trong lĩnh vực ngân hàng — sản phẩm có chức năng mã hoá/giải mã, ký số/xác thực dữ liệu truyền, nhận, lưu giữ trong lĩnh vực ngân hàng",3,Phụ lục,KIEM_TRA_CHAT_LUONG,CAO,"CHỈ sản phẩm có chức năng mật mã (mã hoá/giải mã, ký số) bảo vệ thông tin không thuộc bí mật nhà nước; QCVN 4:2026/BQP, QCVN 5:2016/BQP, QCVN 6:2016/BQP; Công bố hợp quy trên cơ sở kết quả chứng nhận hợp quy của tổ chức chứng nhận được chỉ định; phương thức 5 hoặc 7 theo TT 14/2026/TT-BKHCN; hàng nhập khẩu kiểm tra nhà nước về chất lượng",,6
85176253,"Sản phẩm mật mã dân sự sử dụng trong lĩnh vực ngân hàng — sản phẩm có chức năng mã hoá/giải mã, ký số/xác thực dữ liệu truyền, nhận, lưu giữ trong lĩnh vực ngân hàng",3,Phụ lục,KIEM_TRA_CHAT_LUONG,CAO,"CHỈ sản phẩm có chức năng mật mã (mã hoá/giải mã, ký số) bảo vệ thông tin không thuộc bí mật nhà nước; QCVN 4:2026/BQP, QCVN 5:2016/BQP, QCVN 6:2016/BQP; Công bố hợp quy trên cơ sở kết quả chứng nhận hợp quy của tổ chức chứng nhận được chỉ định; phương thức 5 hoặc 7 theo TT 14/2026/TT-BKHCN; hàng nhập khẩu kiểm tra nhà nước về chất lượng",,6
85176259,"Sản phẩm mật mã dân sự sử dụng trong lĩnh vực ngân hàng — sản phẩm có chức năng mã hoá/giải mã, ký số/xác thực dữ liệu truyền, nhận, lưu giữ trong lĩnh vực ngân hàng",3,Phụ lục,KIEM_TRA_CHAT_LUONG,CAO,"CHỈ sản phẩm có chức năng mật mã (mã hoá/giải mã, ký số) bảo vệ thông tin không thuộc bí mật nhà nước; QCVN 4:2026/BQP, QCVN 5:2016/BQP, QCVN 6:2016/BQP; Công bố hợp quy trên cơ sở kết quả chứng nhận hợp quy của tổ chức chứng nhận được chỉ định; phương thức 5 hoặc 7 theo TT 14/2026/TT-BKHCN; hàng nhập khẩu kiểm tra nhà nước về chất lượng",,6
85176261,"Sản phẩm mật mã dân sự sử dụng trong lĩnh vực ngân hàng — sản phẩm có chức năng mã hoá/giải mã, ký số/xác thực dữ liệu truyền, nhận, lưu giữ trong lĩnh vực ngân hàng",3,Phụ lục,KIEM_TRA_CHAT_LUONG,CAO,"CHỈ sản phẩm có chức năng mật mã (mã hoá/giải mã, ký số) bảo vệ thông tin không thuộc bí mật nhà nước; QCVN 4:2026/BQP, QCVN 5:2016/BQP, QCVN 6:2016/BQP; Công bố hợp quy trên cơ sở kết quả chứng nhận hợp quy của tổ chức chứng nhận được chỉ định; phương thức 5 hoặc 7 theo TT 14/2026/TT-BKHCN; hàng nhập khẩu kiểm tra nhà nước về chất lượng",,6
85176269,"Sản phẩm mật mã dân sự sử dụng trong lĩnh vực ngân hàng — sản phẩm có chức năng mã hoá/giải mã, ký số/xác thực dữ liệu truyền, nhận, lưu giữ trong lĩnh vực ngân hàng",3,Phụ lục,KIEM_TRA_CHAT_LUONG,CAO,"CHỈ sản phẩm có chức năng mật mã (mã hoá/giải mã, ký số) bảo vệ thông tin không thuộc bí mật nhà nước; QCVN 4:2026/BQP, QCVN 5:2016/BQP, QCVN 6:2016/BQP; Công bố hợp quy trên cơ sở kết quả chứng nhận hợp quy của tổ chức chứng nhận được chỉ định; phương thức 5 hoặc 7 theo TT 14/2026/TT-BKHCN; hàng nhập khẩu kiểm tra nhà nước về chất lượng",,6
85176291,"Sản phẩm mật mã dân sự sử dụng trong lĩnh vực ngân hàng — sản phẩm có chức năng mã hoá/giải mã, ký số/xác thực dữ liệu truyền, nhận, lưu giữ trong lĩnh vực ngân hàng",3,Phụ lục,KIEM_TRA_CHAT_LUONG,CAO,"CHỈ sản phẩm có chức năng mật mã (mã hoá/giải mã, ký số) bảo vệ thông tin không thuộc bí mật nhà nước; QCVN 4:2026/BQP, QCVN 5:2016/BQP, QCVN 6:2016/BQP; Công bố hợp quy trên cơ sở kết quả chứng nhận hợp quy của tổ chức chứng nhận được chỉ định; phương thức 5 hoặc 7 theo TT 14/2026/TT-BKHCN; hàng nhập khẩu kiểm tra nhà nước về chất lượng",,6
85176292,"Sản phẩm mật mã dân sự sử dụng trong lĩnh vực ngân hàng — sản phẩm có chức năng mã hoá/giải mã, ký số/xác thực dữ liệu truyền, nhận, lưu giữ trong lĩnh vực ngân hàng",3,Phụ lục,KIEM_TRA_CHAT_LUONG,CAO,"CHỈ sản phẩm có chức năng mật mã (mã hoá/giải mã, ký số) bảo vệ thông tin không thuộc bí mật nhà nước; QCVN 4:2026/BQP, QCVN 5:2016/BQP, QCVN 6:2016/BQP; Công bố hợp quy trên cơ sở kết quả chứng nhận hợp quy của tổ chức chứng nhận được chỉ định; phương thức 5 hoặc 7 theo TT 14/2026/TT-BKHCN; hàng nhập khẩu kiểm tra nhà nước về chất lượng",,6
85176299,"Sản phẩm mật mã dân sự sử dụng trong lĩnh vực ngân hàng — sản phẩm có chức năng mã hoá/giải mã, ký số/xác thực dữ liệu truyền, nhận, lưu giữ trong lĩnh vực ngân hàng",3,Phụ lục,KIEM_TRA_CHAT_LUONG,CAO,"CHỈ sản phẩm có chức năng mật mã (mã hoá/giải mã, ký số) bảo vệ thông tin không thuộc bí mật nhà nước; QCVN 4:2026/BQP, QCVN 5:2016/BQP, QCVN 6:2016/BQP; Công bố hợp quy trên cơ sở kết quả chứng nhận hợp quy của tổ chức chứng nhận được chỉ định; phương thức 5 hoặc 7 theo TT 14/2026/TT-BKHCN; hàng nhập khẩu kiểm tra nhà nước về chất lượng",,6
85171100,"Sản phẩm mật mã dân sự sử dụng trong lĩnh vực ngân hàng — sản phẩm có chức năng mã hoá/giải mã, ký số/xác thực dữ liệu truyền, nhận, lưu giữ trong lĩnh vực ngân hàng",3,Phụ lục,KIEM_TRA_CHAT_LUONG,CAO,"CHỈ sản phẩm có chức năng mật mã (mã hoá/giải mã, ký số) bảo vệ thông tin không thuộc bí mật nhà nước; QCVN 4:2026/BQP, QCVN 5:2016/BQP, QCVN 6:2016/BQP; Công bố hợp quy trên cơ sở kết quả chứng nhận hợp quy của tổ chức chứng nhận được chỉ định; phương thức 5 hoặc 7 theo TT 14/2026/TT-BKHCN; hàng nhập khẩu kiểm tra nhà nước về chất lượng",,6
85171300,"Sản phẩm mật mã dân sự sử dụng trong lĩnh vực ngân hàng — sản phẩm có chức năng mã hoá/giải mã, ký số/xác thực dữ liệu truyền, nhận, lưu giữ trong lĩnh vực ngân hàng",3,Phụ lục,KIEM_TRA_CHAT_LUONG,CAO,"CHỈ sản phẩm có chức năng mật mã (mã hoá/giải mã, ký số) bảo vệ thông tin không thuộc bí mật nhà nước; QCVN 4:2026/BQP, QCVN 5:2016/BQP, QCVN 6:2016/BQP; Công bố hợp quy trên cơ sở kết quả chứng nhận hợp quy của tổ chức chứng nhận được chỉ định; phương thức 5 hoặc 7 theo TT 14/2026/TT-BKHCN; hàng nhập khẩu kiểm tra nhà nước về chất lượng",,6
85171400,"Sản phẩm mật mã dân sự sử dụng trong lĩnh vực ngân hàng — sản phẩm có chức năng mã hoá/giải mã, ký số/xác thực dữ liệu truyền, nhận, lưu giữ trong lĩnh vực ngân hàng",3,Phụ lục,KIEM_TRA_CHAT_LUONG,CAO,"CHỈ sản phẩm có chức năng mật mã (mã hoá/giải mã, ký số) bảo vệ thông tin không thuộc bí mật nhà nước; QCVN 4:2026/BQP, QCVN 5:2016/BQP, QCVN 6:2016/BQP; Công bố hợp quy trên cơ sở kết quả chứng nhận hợp quy của tổ chức chứng nhận được chỉ định; phương thức 5 hoặc 7 theo TT 14/2026/TT-BKHCN; hàng nhập khẩu kiểm tra nhà nước về chất lượng",,6
85171800,"Sản phẩm mật mã dân sự sử dụng trong lĩnh vực ngân hàng — sản phẩm có chức năng mã hoá/giải mã, ký số/xác thực dữ liệu truyền, nhận, lưu giữ trong lĩnh vực ngân hàng",3,Phụ lục,KIEM_TRA_CHAT_LUONG,CAO,"CHỈ sản phẩm có chức năng mật mã (mã hoá/giải mã, ký số) bảo vệ thông tin không thuộc bí mật nhà nước; QCVN 4:2026/BQP, QCVN 5:2016/BQP, QCVN 6:2016/BQP; Công bố hợp quy trên cơ sở kết quả chứng nhận hợp quy của tổ chức chứng nhận được chỉ định; phương thức 5 hoặc 7 theo TT 14/2026/TT-BKHCN; hàng nhập khẩu kiểm tra nhà nước về chất lượng",,6
85235111,"Sản phẩm mật mã dân sự sử dụng trong lĩnh vực ngân hàng — sản phẩm có chức năng mã hoá/giải mã, ký số/xác thực dữ liệu truyền, nhận, lưu giữ trong lĩnh vực ngân hàng",3,Phụ lục,KIEM_TRA_CHAT_LUONG,CAO,"CHỈ sản phẩm có chức năng mật mã (mã hoá/giải mã, ký số) bảo vệ thông tin không thuộc bí mật nhà nước; QCVN 4:2026/BQP, QCVN 5:2016/BQP, QCVN 6:2016/BQP; Công bố hợp quy trên cơ sở kết quả chứng nhận hợp quy của tổ chức chứng nhận được chỉ định; phương thức 5 hoặc 7 theo TT 14/2026/TT-BKHCN; hàng nhập khẩu kiểm tra nhà nước về chất lượng",,6
85235121,"Sản phẩm mật mã dân sự sử dụng trong lĩnh vực ngân hàng — sản phẩm có chức năng mã hoá/giải mã, ký số/xác thực dữ liệu truyền, nhận, lưu giữ trong lĩnh vực ngân hàng",3,Phụ lục,KIEM_TRA_CHAT_LUONG,CAO,"CHỈ sản phẩm có chức năng mật mã (mã hoá/giải mã, ký số) bảo vệ thông tin không thuộc bí mật nhà nước; QCVN 4:2026/BQP, QCVN 5:2016/BQP, QCVN 6:2016/BQP; Công bố hợp quy trên cơ sở kết quả chứng nhận hợp quy của tổ chức chứng nhận được chỉ định; phương thức 5 hoặc 7 theo TT 14/2026/TT-BKHCN; hàng nhập khẩu kiểm tra nhà nước về chất lượng",,6
85235199,"Sản phẩm mật mã dân sự sử dụng trong lĩnh vực ngân hàng — sản phẩm có chức năng mã hoá/giải mã, ký số/xác thực dữ liệu truyền, nhận, lưu giữ trong lĩnh vực ngân hàng",3,Phụ lục,KIEM_TRA_CHAT_LUONG,CAO,"CHỈ sản phẩm có chức năng mật mã (mã hoá/giải mã, ký số) bảo vệ thông tin không thuộc bí mật nhà nước; QCVN 4:2026/BQP, QCVN 5:2016/BQP, QCVN 6:2016/BQP; Công bố hợp quy trên cơ sở kết quả chứng nhận hợp quy của tổ chức chứng nhận được chỉ định; phương thức 5 hoặc 7 theo TT 14/2026/TT-BKHCN; hàng nhập khẩu kiểm tra nhà nước về chất lượng",,7
85235200,"Sản phẩm mật mã dân sự sử dụng trong lĩnh vực ngân hàng — sản phẩm có chức năng mã hoá/giải mã, ký số/xác thực dữ liệu truyền, nhận, lưu giữ trong lĩnh vực ngân hàng",3,Phụ lục,KIEM_TRA_CHAT_LUONG,CAO,"CHỈ sản phẩm có chức năng mật mã (mã hoá/giải mã, ký số) bảo vệ thông tin không thuộc bí mật nhà nước; QCVN 4:2026/BQP, QCVN 5:2016/BQP, QCVN 6:2016/BQP; Công bố hợp quy trên cơ sở kết quả chứng nhận hợp quy của tổ chức chứng nhận được chỉ định; phương thức 5 hoặc 7 theo TT 14/2026/TT-BKHCN; hàng nhập khẩu kiểm tra nhà nước về chất lượng",,7
85423200,"Sản phẩm mật mã dân sự sử dụng trong lĩnh vực ngân hàng — sản phẩm có chức năng mã hoá/giải mã, ký số/xác thực dữ liệu truyền, nhận, lưu giữ trong lĩnh vực ngân hàng",3,Phụ lục,KIEM_TRA_CHAT_LUONG,CAO,"CHỈ sản phẩm có chức năng mật mã (mã hoá/giải mã, ký số) bảo vệ thông tin không thuộc bí mật nhà nước; QCVN 4:2026/BQP, QCVN 5:2016/BQP, QCVN 6:2016/BQP; Công bố hợp quy trên cơ sở kết quả chứng nhận hợp quy của tổ chức chứng nhận được chỉ định; phương thức 5 hoặc 7 theo TT 14/2026/TT-BKHCN; hàng nhập khẩu kiểm tra nhà nước về chất lượng",,7
85255000,"Sản phẩm mật mã dân sự sử dụng trong lĩnh vực ngân hàng — sản phẩm có chức năng mã hoá/giải mã, ký số/xác thực dữ liệu truyền, nhận, lưu giữ trong lĩnh vực ngân hàng",3,Phụ lục,KIEM_TRA_CHAT_LUONG,CAO,"CHỈ sản phẩm có chức năng mật mã (mã hoá/giải mã, ký số) bảo vệ thông tin không thuộc bí mật nhà nước; QCVN 4:2026/BQP, QCVN 5:2016/BQP, QCVN 6:2016/BQP; Công bố hợp quy trên cơ sở kết quả chứng nhận hợp quy của tổ chức chứng nhận được chỉ định; phương thức 5 hoặc 7 theo TT 14/2026/TT-BKHCN; hàng nhập khẩu kiểm tra nhà nước về chất lượng",,7
85256000,"Sản phẩm mật mã dân sự sử dụng trong lĩnh vực ngân hàng — sản phẩm có chức năng mã hoá/giải mã, ký số/xác thực dữ liệu truyền, nhận, lưu giữ trong lĩnh vực ngân hàng",3,Phụ lục,KIEM_TRA_CHAT_LUONG,CAO,"CHỈ sản phẩm có chức năng mật mã (mã hoá/giải mã, ký số) bảo vệ thông tin không thuộc bí mật nhà nước; QCVN 4:2026/BQP, QCVN 5:2016/BQP, QCVN 6:2016/BQP; Công bố hợp quy trên cơ sở kết quả chứng nhận hợp quy của tổ chức chứng nhận được chỉ định; phương thức 5 hoặc 7 theo TT 14/2026/TT-BKHCN; hàng nhập khẩu kiểm tra nhà nước về chất lượng",,7
85269110,"Sản phẩm mật mã dân sự sử dụng trong lĩnh vực ngân hàng — sản phẩm có chức năng mã hoá/giải mã, ký số/xác thực dữ liệu truyền, nhận, lưu giữ trong lĩnh vực ngân hàng",3,Phụ lục,KIEM_TRA_CHAT_LUONG,CAO,"CHỈ sản phẩm có chức năng mật mã (mã hoá/giải mã, ký số) bảo vệ thông tin không thuộc bí mật nhà nước; QCVN 4:2026/BQP, QCVN 5:2016/BQP, QCVN 6:2016/BQP; Công bố hợp quy trên cơ sở kết quả chứng nhận hợp quy của tổ chức chứng nhận được chỉ định; phương thức 5 hoặc 7 theo TT 14/2026/TT-BKHCN; hàng nhập khẩu kiểm tra nhà nước về chất lượng",,7
85269190,"Sản phẩm mật mã dân sự sử dụng trong lĩnh vực ngân hàng — sản phẩm có chức năng mã hoá/giải mã, ký số/xác thực dữ liệu truyền, nhận, lưu giữ trong lĩnh vực ngân hàng",3,Phụ lục,KIEM_TRA_CHAT_LUONG,CAO,"CHỈ sản phẩm có chức năng mật mã (mã hoá/giải mã, ký số) bảo vệ thông tin không thuộc bí mật nhà nước; QCVN 4:2026/BQP, QCVN 5:2016/BQP, QCVN 6:2016/BQP; Công bố hợp quy trên cơ sở kết quả chứng nhận hợp quy của tổ chức chứng nhận được chỉ định; phương thức 5 hoặc 7 theo TT 14/2026/TT-BKHCN; hàng nhập khẩu kiểm tra nhà nước về chất lượng",,7
85269200,"Sản phẩm mật mã dân sự sử dụng trong lĩnh vực ngân hàng — sản phẩm có chức năng mã hoá/giải mã, ký số/xác thực dữ liệu truyền, nhận, lưu giữ trong lĩnh vực ngân hàng",3,Phụ lục,KIEM_TRA_CHAT_LUONG,CAO,"CHỈ sản phẩm có chức năng mật mã (mã hoá/giải mã, ký số) bảo vệ thông tin không thuộc bí mật nhà nước; QCVN 4:2026/BQP, QCVN 5:2016/BQP, QCVN 6:2016/BQP; Công bố hợp quy trên cơ sở kết quả chứng nhận hợp quy của tổ chức chứng nhận được chỉ định; phương thức 5 hoặc 7 theo TT 14/2026/TT-BKHCN; hàng nhập khẩu kiểm tra nhà nước về chất lượng",,7
84433131,"Sản phẩm mật mã dân sự sử dụng trong lĩnh vực ngân hàng — sản phẩm có chức năng mã hoá/giải mã, ký số/xác thực dữ liệu truyền, nhận, lưu giữ trong lĩnh vực ngân hàng",3,Phụ lục,KIEM_TRA_CHAT_LUONG,CAO,"CHỈ sản phẩm có chức năng mật mã (mã hoá/giải mã, ký số) bảo vệ thông tin không thuộc bí mật nhà nước; QCVN 4:2026/BQP, QCVN 5:2016/BQP, QCVN 6:2016/BQP; Công bố hợp quy trên cơ sở kết quả chứng nhận hợp quy của tổ chức chứng nhận được chỉ định; phương thức 5 hoặc 7 theo TT 14/2026/TT-BKHCN; hàng nhập khẩu kiểm tra nhà nước về chất lượng",,7
84433139,"Sản phẩm mật mã dân sự sử dụng trong lĩnh vực ngân hàng — sản phẩm có chức năng mã hoá/giải mã, ký số/xác thực dữ liệu truyền, nhận, lưu giữ trong lĩnh vực ngân hàng",3,Phụ lục,KIEM_TRA_CHAT_LUONG,CAO,"CHỈ sản phẩm có chức năng mật mã (mã hoá/giải mã, ký số) bảo vệ thông tin không thuộc bí mật nhà nước; QCVN 4:2026/BQP, QCVN 5:2016/BQP, QCVN 6:2016/BQP; Công bố hợp quy trên cơ sở kết quả chứng nhận hợp quy của tổ chức chứng nhận được chỉ định; phương thức 5 hoặc 7 theo TT 14/2026/TT-BKHCN; hàng nhập khẩu kiểm tra nhà nước về chất lượng",,7
84433191,"Sản phẩm mật mã dân sự sử dụng trong lĩnh vực ngân hàng — sản phẩm có chức năng mã hoá/giải mã, ký số/xác thực dữ liệu truyền, nhận, lưu giữ trong lĩnh vực ngân hàng",3,Phụ lục,KIEM_TRA_CHAT_LUONG,CAO,"CHỈ sản phẩm có chức năng mật mã (mã hoá/giải mã, ký số) bảo vệ thông tin không thuộc bí mật nhà nước; QCVN 4:2026/BQP, QCVN 5:2016/BQP, QCVN 6:2016/BQP; Công bố hợp quy trên cơ sở kết quả chứng nhận hợp quy của tổ chức chứng nhận được chỉ định; phương thức 5 hoặc 7 theo TT 14/2026/TT-BKHCN; hàng nhập khẩu kiểm tra nhà nước về chất lượng",,7
84433199,"Sản phẩm mật mã dân sự sử dụng trong lĩnh vực ngân hàng — sản phẩm có chức năng mã hoá/giải mã, ký số/xác thực dữ liệu truyền, nhận, lưu giữ trong lĩnh vực ngân hàng",3,Phụ lục,KIEM_TRA_CHAT_LUONG,CAO,"CHỈ sản phẩm có chức năng mật mã (mã hoá/giải mã, ký số) bảo vệ thông tin không thuộc bí mật nhà nước; QCVN 4:2026/BQP, QCVN 5:2016/BQP, QCVN 6:2016/BQP; Công bố hợp quy trên cơ sở kết quả chứng nhận hợp quy của tổ chức chứng nhận được chỉ định; phương thức 5 hoặc 7 theo TT 14/2026/TT-BKHCN; hàng nhập khẩu kiểm tra nhà nước về chất lượng",,7
84433240,"Sản phẩm mật mã dân sự sử dụng trong lĩnh vực ngân hàng — sản phẩm có chức năng mã hoá/giải mã, ký số/xác thực dữ liệu truyền, nhận, lưu giữ trong lĩnh vực ngân hàng",3,Phụ lục,KIEM_TRA_CHAT_LUONG,CAO,"CHỈ sản phẩm có chức năng mật mã (mã hoá/giải mã, ký số) bảo vệ thông tin không thuộc bí mật nhà nước; QCVN 4:2026/BQP, QCVN 5:2016/BQP, QCVN 6:2016/BQP; Công bố hợp quy trên cơ sở kết quả chứng nhận hợp quy của tổ chức chứng nhận được chỉ định; phương thức 5 hoặc 7 theo TT 14/2026/TT-BKHCN; hàng nhập khẩu kiểm tra nhà nước về chất lượng",,7
