ma_hs,mo_ta,nhom,phu_luc,loai_tac_dong,muc_rui_ro,dieu_kien,dan_chieu,trang
,Thực phẩm bổ sung,I.1,Phụ lục,KIEM_TRA_ATTP,,Ô Mã HS ghi: Mã HS của hàng hóa theo Sáu (6) quy tắc phân loại tổng quát ban hành kèm theo Thông tư số 31/2022/TT-BTC ngày 08/6/2022 của Bộ Tài chính,31/2022/TT-BTC,5
32030010,INS 100(i): Curcumin,II.2,Phụ lục,KIEM_TRA_ATTP,,,,5
09103000,INS 100(ii): Turmeric,II.3,Phụ lục,KIEM_TRA_ATTP,,,,5
32030010,INS 100(ii): Turmeric,II.3,Phụ lục,KIEM_TRA_ATTP,,,,5
29362300,"INS 101(i): Riboflavin gồm: - Riboflavin, tổng hợp",II.4,Phụ lục,KIEM_TRA_ATTP,,,,6
29362300,INS 101(ii): Riboflavin gồm: - Natri Riboflavin 5'-phosphat,II.4,Phụ lục,KIEM_TRA_ATTP,,,,6
29362300,INS 101(iii): Riboflavin gồm: - Riboflavin từ Bacillus subtilis,II.4,Phụ lục,KIEM_TRA_ATTP,,,,6
32041900,INS 102: Tartrazin,II.5,Phụ lục,KIEM_TRA_ATTP,,,,6
32041210,INS 104: Quinolin yellow,II.6,Phụ lục,KIEM_TRA_ATTP,,,,6
32041290,INS 110: Sunset yellow FCF,II.7,Phụ lục,KIEM_TRA_ATTP,,,,6
32030010,INS 120: Carmin,II.8,Phụ lục,KIEM_TRA_ATTP,,,,6
32041710,INS 122: Azorubin (Carmoisin),II.9,Phụ lục,KIEM_TRA_ATTP,,,,6
32030010,INS 123: Amaranth,II.10,Phụ lục,KIEM_TRA_ATTP,,,,6
32041900,INS 124: Ponceau 4R (Cochineal red A),II.11,Phụ lục,KIEM_TRA_ATTP,,,,6
32041900,INS 127: Erythrosin,II.12,Phụ lục,KIEM_TRA_ATTP,,,,6
32041710,INS 129: Allura red AC,II.13,Phụ lục,KIEM_TRA_ATTP,,,,6
32041790,INS 129: Allura red AC,II.13,Phụ lục,KIEM_TRA_ATTP,,,,6
32030010,INS 132: Indigotin (Indigo carmin),II.14,Phụ lục,KIEM_TRA_ATTP,,,,6
32041190,INS 133: Brilliant blue FCF,II.15,Phụ lục,KIEM_TRA_ATTP,,,,6
32030010,INS 140: Clorophylls,II.16,Phụ lục,KIEM_TRA_ATTP,,,,6
32030010,INS 141(i): Phức đồng clorophyll,II.17,Phụ lục,KIEM_TRA_ATTP,,,,7
32030010,"INS 141(ii): Phức đồng clorophyllin (muối natri, kali của nó)",II.18,Phụ lục,KIEM_TRA_ATTP,,,,7
32129021,INS 143: Fast green FCF,II.19,Phụ lục,KIEM_TRA_ATTP,,,,7
17029040,"INS 150a: Các Caramen, gồm: - Caramen nhóm I (caramen nguyên chất)",II.20,Phụ lục,KIEM_TRA_ATTP,,,,7
17029040,"INS 150b: Các Caramen, gồm: - Caramen nhóm II (caramen sulfit)",II.20,Phụ lục,KIEM_TRA_ATTP,,,,7
17029040,"INS 150c: Các Caramen, gồm: - Caramen nhóm III (caramen amoni)",II.20,Phụ lục,KIEM_TRA_ATTP,,,,7
17029040,"INS 150d: Các Caramen, gồm: - Caramen nhóm IV (caramen amoni sulfit)",II.20,Phụ lục,KIEM_TRA_ATTP,,,,7
32041190,INS 151: Brilliant black (Black PN),II.21,Phụ lục,KIEM_TRA_ATTP,,,,7
32030010,INS 153: Carbon thực vật,II.22,Phụ lục,KIEM_TRA_ATTP,,,,7
32041900,INS 155: Brown HT,II.23,Phụ lục,KIEM_TRA_ATTP,,,,7
32030010,"INS 160a(i): Các Beta-caroten, gồm: - Beta-caroten tổng hợp",II.24,Phụ lục,KIEM_TRA_ATTP,,,,7
32030010,"INS 160a(ii): Các Beta-caroten, gồm: - Beta - Caroten (chiết xuất từ thực vật)",II.24,Phụ lục,KIEM_TRA_ATTP,,,,7
32030010,"INS 160a(iii): Các Beta-caroten, gồm: - Beta-Caroten, Blakeslea trispora",II.24,Phụ lục,KIEM_TRA_ATTP,,,,8
32030010,"INS 160b(i): Chất chiết xuất từ annatto, gồm: Chất chiết xuất từ annatto, bixin based",II.25,Phụ lục,KIEM_TRA_ATTP,,,,8
32030010,"INS 160b(ii): Chất chiết xuất từ annatto, gồm: Chất chiết xuất từ annatto, norbixin-based",II.25,Phụ lục,KIEM_TRA_ATTP,,,,8
33019090,INS 160c(i): Paprika oleoresin,II.26,Phụ lục,KIEM_TRA_ATTP,,,,8
32030010,"INS 160d(i): Lycopen, gồm: - Lycopen tổng hợp",II.27,Phụ lục,KIEM_TRA_ATTP,,,,8
32030010,"INS 160d(ii): Lycopen, gồm: - Lycopen chiết xuất từ cà chua",II.27,Phụ lục,KIEM_TRA_ATTP,,,,8
32030010,"INS 160d(iii): Lycopen, gồm: - Lycopen, Blakeslea trispora",II.27,Phụ lục,KIEM_TRA_ATTP,,,,8
32030010,INS 160e: beta-apo- 8'-Carotenal,II.28,Phụ lục,KIEM_TRA_ATTP,,,,8
32030010,INS 160f: Este etyl của acid beta-apo-8'-Carotenoic,II.29,Phụ lục,KIEM_TRA_ATTP,,,,8
32030010,"INS 161b(i): Lutein, gồm: - Lutein từ Tagetes erecta",II.30,Phụ lục,KIEM_TRA_ATTP,,,,8
32030010,"INS 161b(iii): Lutein, gồm: - Lutein este từ Tagetes erecta",II.30,Phụ lục,KIEM_TRA_ATTP,,,,9
32030010,INS 161g: Canthaxanthin,II.31,Phụ lục,KIEM_TRA_ATTP,,,,9
32030010,INS 161h(i): Zeaxanthin tổng hợp,II.32,Phụ lục,KIEM_TRA_ATTP,,,,9
32030010,INS 162: Beet red,II.33,Phụ lục,KIEM_TRA_ATTP,,,,9
32030010,INS 163(ii): Chất chiết xuất vỏ nho,II.34,Phụ lục,KIEM_TRA_ATTP,,,,9
32030010,INS 163(iii): Chất chiết xuất từ quả lý chua đen,II.35,Phụ lục,KIEM_TRA_ATTP,,,,9
32030010,INS 163(iv): Màu ngô tím,II.36,Phụ lục,KIEM_TRA_ATTP,,,,9
32030010,INS 163(v): Màu bắp cải đỏ,II.37,Phụ lục,KIEM_TRA_ATTP,,,,9
32030010,INS 163(vi): Chất chiết xuất từ cà rốt đen,II.38,Phụ lục,KIEM_TRA_ATTP,,,,9
32030010,INS 163(vii): Màu khoai lang tím,II.39,Phụ lục,KIEM_TRA_ATTP,,,,9
32030010,INS 163(viii): Màu củ cải đỏ,II.40,Phụ lục,KIEM_TRA_ATTP,,,,9
32030010,INS 164: Gardenia yellow,II.41,Phụ lục,KIEM_TRA_ATTP,,,,9
28365010,INS 170(i): Calci carbonat,II.42,Phụ lục,KIEM_TRA_ATTP,,,,9
28230000,INS 171: Titan dioxyd,II.43,Phụ lục,KIEM_TRA_ATTP,,,,10
28211000,"INS 172(i): Oxyd sắt, gồm: - Oxyd sắt đen",II.44,Phụ lục,KIEM_TRA_ATTP,,,,10
28211000,"INS 172(ii): Oxyd sắt, gồm: - Oxyd sắt đỏ",II.44,Phụ lục,KIEM_TRA_ATTP,,,,10
28211000,"INS 172(iii): Oxyd sắt, gồm: - Oxyd sắt vàng",II.44,Phụ lục,KIEM_TRA_ATTP,,,,10
32019000,INS 181: Acid tannic (Tannin),II.45,Phụ lục,KIEM_TRA_ATTP,,,,10
29161900,INS 200: Acid sorbic,II.46,Phụ lục,KIEM_TRA_ATTP,,,,10
29161900,INS 201: Natri sorbat,II.47,Phụ lục,KIEM_TRA_ATTP,,,,10
29161900,INS 202: Kali sorbat,II.48,Phụ lục,KIEM_TRA_ATTP,,,,10
29161900,INS 203: Calci sorbat,II.49,Phụ lục,KIEM_TRA_ATTP,,,,10
29163100,INS 210: Acid benzoic,II.50,Phụ lục,KIEM_TRA_ATTP,,,,10
29163100,"INS 211: Muối benzoate, gồm: - Natri benzoat",II.51,Phụ lục,KIEM_TRA_ATTP,,,,10
29163100,"INS 212: Muối benzoate, gồm: - Kali benzoat",II.51,Phụ lục,KIEM_TRA_ATTP,,,,10
29163100,"INS 213: Muối benzoate, gồm: - Calci benzoat",II.51,Phụ lục,KIEM_TRA_ATTP,,,,10
29182990,INS 214: Ethyl para-hydroxybenzoat,II.52,Phụ lục,KIEM_TRA_ATTP,,,,10
29163100,INS 218: Methyl para-hydroxybenzoat,II.53,Phụ lục,KIEM_TRA_ATTP,,,,11
28112920,INS 220: Sulfua dioxyd,II.54,Phụ lục,KIEM_TRA_ATTP,,,,11
28321000,INS 221: Natri sulfit,II.55,Phụ lục,KIEM_TRA_ATTP,,,,11
28321000,INS 222: Natri hydro sulfit,II.56,Phụ lục,KIEM_TRA_ATTP,,,,11
28321000,INS 223: Natri metabisulfit,II.57,Phụ lục,KIEM_TRA_ATTP,,,,11
28322000,INS 224: Kali metabisulfit,II.58,Phụ lục,KIEM_TRA_ATTP,,,,11
28322000,INS 225: Kali sulfit,II.59,Phụ lục,KIEM_TRA_ATTP,,,,11
29071900,INS 231: Ortho-phenylphenol,II.60,Phụ lục,KIEM_TRA_ATTP,,,,11
29071900,INS 232: Natri ortho-phenylphenol,II.61,Phụ lục,KIEM_TRA_ATTP,,,,11
29419000,INS 234: Nisin,II.62,Phụ lục,KIEM_TRA_ATTP,,,,11
29419000,INS 235: Natamycin (Pimaricin),II.63,Phụ lục,KIEM_TRA_ATTP,,,,12
29339990,INS 239: Hexamethylen tetramin,II.64,Phụ lục,KIEM_TRA_ATTP,,,,12
29209000,INS 242: Dimethyl dicarbonat,II.65,Phụ lục,KIEM_TRA_ATTP,,,,12
29159020,INS 243: Lauric argrinat ethyl este,II.66,Phụ lục,KIEM_TRA_ATTP,,,,12
28341000,INS 249: Kali nitrit,II.67,Phụ lục,KIEM_TRA_ATTP,,,,12
28341000,INS 250: Natri nitrit,II.68,Phụ lục,KIEM_TRA_ATTP,,,,12
28342990,INS 251: Natri nitrat,II.69,Phụ lục,KIEM_TRA_ATTP,,,,12
29152100,INS 260: Acid acetic băng,II.70,Phụ lục,KIEM_TRA_ATTP,,,,12
29152990,INS 261(i): Kali acetat,II.71,Phụ lục,KIEM_TRA_ATTP,,,,12
29152910,INS 262(i): Natri acetat,II.72,Phụ lục,KIEM_TRA_ATTP,,,,12
29152990,INS 262(ii): Natri diacetat,II.73,Phụ lục,KIEM_TRA_ATTP,,,,12
29152990,INS 263: Calci acetat,II.74,Phụ lục,KIEM_TRA_ATTP,,,,13
29322090,INS 266: Natri dehydroacetat,II.75,Phụ lục,KIEM_TRA_ATTP,,,,13
29181100,"INS 270: Acid lactic, L-, D- và DL-",II.76,Phụ lục,KIEM_TRA_ATTP,,,,13
29155000,INS 280: Acid propionic,II.77,Phụ lục,KIEM_TRA_ATTP,,,,13
29155000,INS 281: Natri propionat,II.78,Phụ lục,KIEM_TRA_ATTP,,,,13
29155000,INS 282: Calci propionat,II.79,Phụ lục,KIEM_TRA_ATTP,,,,13
29155000,INS 283: Kali propionat,II.80,Phụ lục,KIEM_TRA_ATTP,,,,13
28112100,INS 290: Carbon dioxyd,II.81,Phụ lục,KIEM_TRA_ATTP,,,,13
29181900,INS 296: Acid malic (DL-),II.82,Phụ lục,KIEM_TRA_ATTP,,,,13
29171900,INS 297: Acid fumaric,II.83,Phụ lục,KIEM_TRA_ATTP,,,,13
29362700,INS 300: Acid ascorbic (L-),II.84,Phụ lục,KIEM_TRA_ATTP,,,,13
29362700,INS 301: Natri ascorbat,II.85,Phụ lục,KIEM_TRA_ATTP,,,,14
29181590,INS 302: Calci ascorbat,II.86,Phụ lục,KIEM_TRA_ATTP,,,,14
29362700,INS 304: Ascorbyl palmitat,II.87,Phụ lục,KIEM_TRA_ATTP,,,,14
29362700,INS 305: Ascorbyl stearat,II.88,Phụ lục,KIEM_TRA_ATTP,,,,14
29362800,INS 307a: d-alpha-Tocopherol,II.89,Phụ lục,KIEM_TRA_ATTP,,,,14
29362800,INS 307b: Tocopherol concentrat (dạng hỗn hợp),II.90,Phụ lục,KIEM_TRA_ATTP,,,,14
29362800,INS 307c: dl-alpha-Tocopherol,II.91,Phụ lục,KIEM_TRA_ATTP,,,,14
29182990,INS 310: Propyl gallat,II.92,Phụ lục,KIEM_TRA_ATTP,,,,14
13019090,INS 314: Nhựa guaiac,II.93,Phụ lục,KIEM_TRA_ATTP,,,,14
29362700,INS 315: Acid erythorbic (acid isoascorbic),II.94,Phụ lục,KIEM_TRA_ATTP,,,,14
29362700,INS 316: Natri erythorbat (natri isoascorbat),II.95,Phụ lục,KIEM_TRA_ATTP,,,,14
29072990,INS 319: Tertiary butylhydroquinon (TBHQ),II.96,Phụ lục,KIEM_TRA_ATTP,,,,14
29095000,INS 320: Butyl hydroxyanisol (BHA),II.97,Phụ lục,KIEM_TRA_ATTP,,,,14
29071900,INS 321: Butyl hydroxytoluen (BHT),II.98,Phụ lục,KIEM_TRA_ATTP,,,,15
29232011,INS 322(i): Lecithin,II.99,Phụ lục,KIEM_TRA_ATTP,,nếu từ thực vật,,15
29232019,INS 322(i): Lecithin,II.99,Phụ lục,KIEM_TRA_ATTP,,nếu không phải từ thực vật,,15
29181100,INS 325: Natri lactat,II.100,Phụ lục,KIEM_TRA_ATTP,,,,15
29181100,INS 326: Kali lactat,II.101,Phụ lục,KIEM_TRA_ATTP,,,,15
29181100,INS 327: Calci lactat,II.102,Phụ lục,KIEM_TRA_ATTP,,,,15
29181100,"INS 329: Magnesi lactat, DL-",II.103,Phụ lục,KIEM_TRA_ATTP,,,,16
29181400,INS 330: Acid citric,II.104,Phụ lục,KIEM_TRA_ATTP,,,,16
29181590,INS 331(i): Natri dihydro citrat,II.105,Phụ lục,KIEM_TRA_ATTP,,,,16
29181590,INS 331(ii): Dinatri monohydro citrat,II.106,Phụ lục,KIEM_TRA_ATTP,,,,16
29181590,INS 331(iii): Trinatri citrat,II.107,Phụ lục,KIEM_TRA_ATTP,,,,16
29181590,INS 332(i): Kali dihydro citrat,II.108,Phụ lục,KIEM_TRA_ATTP,,,,16
29181590,INS 332(ii): Trikali citrat,II.109,Phụ lục,KIEM_TRA_ATTP,,,,17
29181510,INS 333(iii): Tricalci citrat,II.110,Phụ lục,KIEM_TRA_ATTP,,,,17
29181200,"INS 334: Acid tartaric, L(+)-",II.111,Phụ lục,KIEM_TRA_ATTP,,,,17
29181300,INS 335(ii): Natri L(+)-tartrat,II.112,Phụ lục,KIEM_TRA_ATTP,,,,17
29181300,INS 337: Kali natri L(+)-tartrat,II.113,Phụ lục,KIEM_TRA_ATTP,,,,17
28092039,INS 338: Acid phosphoric,II.114,Phụ lục,KIEM_TRA_ATTP,,,,18
28352200,INS 339(i): Natri dihydro phosphat,II.115,Phụ lục,KIEM_TRA_ATTP,,,,18
28352200,INS 339(ii): Dinatri hydro phosphat,II.116,Phụ lục,KIEM_TRA_ATTP,,,,18
28352910,INS 339(iii): Trinatri phosphat,II.117,Phụ lục,KIEM_TRA_ATTP,,,,18
28352400,INS 340(i): Kali dihydro phosphat,II.118,Phụ lục,KIEM_TRA_ATTP,,,,19
28352400,INS 340(ii): Dikali hydro phosphat,II.119,Phụ lục,KIEM_TRA_ATTP,,,,19
28352990,INS 340(iii): Trikali phosphat,II.120,Phụ lục,KIEM_TRA_ATTP,,,,19
28352600,INS 341(i): Calci dihydro phosphat,II.121,Phụ lục,KIEM_TRA_ATTP,,,,19
28352590,INS 341(ii): Calci hydro phosphat,II.122,Phụ lục,KIEM_TRA_ATTP,,,,20
28352600,INS 341(iii): Tricalci phosphat,II.123,Phụ lục,KIEM_TRA_ATTP,,,,20
28352990,INS 342(i): Amoni dihydro phosphat,II.124,Phụ lục,KIEM_TRA_ATTP,,,,20
28352990,INS 342(ii): Diamoni hydro phosphat,II.125,Phụ lục,KIEM_TRA_ATTP,,,,21
28352990,INS 343(i): Magnesi dihydro phosphat,II.126,Phụ lục,KIEM_TRA_ATTP,,,,21
28352990,INS 343(ii): Magnesi hydro phosphat,II.127,Phụ lục,KIEM_TRA_ATTP,,,,21
28352990,INS 343(iii): Trimagnesi phosphat,II.128,Phụ lục,KIEM_TRA_ATTP,,,,21
29181900,INS 350(i): Natri hyro DL-malat,II.129,Phụ lục,KIEM_TRA_ATTP,,,,21
29181900,INS 350(ii): Natri DL-malat,II.130,Phụ lục,KIEM_TRA_ATTP,,,,21
29189900,"INS 352(ii): Calci malat, D, L-",II.131,Phụ lục,KIEM_TRA_ATTP,,,,22
29181300,INS 353: Acid metatartaric,II.132,Phụ lục,KIEM_TRA_ATTP,,,,22
29171290,INS 355: Acid adipic,II.133,Phụ lục,KIEM_TRA_ATTP,,,,22
29171900,INS 363: Acid succinic,II.134,Phụ lục,KIEM_TRA_ATTP,,,,22
29171900,INS 364(ii): Dinatri succinat,II.135,Phụ lục,KIEM_TRA_ATTP,,,,22
29171900,INS 365: Natri fumarat (các muối),II.136,Phụ lục,KIEM_TRA_ATTP,,,,22
29181590,INS 380: Triamoni citrat,II.137,Phụ lục,KIEM_TRA_ATTP,,,,22
29181590,INS 381: Sắt amoni citrat,II.138,Phụ lục,KIEM_TRA_ATTP,,,,22
29181590,INS 384: Isopropyl citrate (các muối),II.139,Phụ lục,KIEM_TRA_ATTP,,,,22
29212100,INS 385: Calci dinatri etylendiamintetraacetat,II.140,Phụ lục,KIEM_TRA_ATTP,,,,22
29224900,INS 386: Dinatri ethylendiamintetraacetat (EDTA),II.141,Phụ lục,KIEM_TRA_ATTP,,,,23
29159090,INS 388: Acid thiodipropionic,II.142,Phụ lục,KIEM_TRA_ATTP,,,,23
29309090,INS 389: Dilauryl thiodipropionat,II.143,Phụ lục,KIEM_TRA_ATTP,,,,23
13021990,INS 392: Chiết xuất hương thảo,II.144,Phụ lục,KIEM_TRA_ATTP,,,,23
39131000,INS 400: Acid alginic,II.145,Phụ lục,KIEM_TRA_ATTP,,,,23
39131000,INS 401: Natri alginat,II.146,Phụ lục,KIEM_TRA_ATTP,,,,23
39131000,INS 402: Kali alginat,II.147,Phụ lục,KIEM_TRA_ATTP,,,,24
39131000,INS 403: Amoni alginat,II.148,Phụ lục,KIEM_TRA_ATTP,,,,24
39131000,INS 404: Calci alginat,II.149,Phụ lục,KIEM_TRA_ATTP,,,,24
39131000,INS 405: Propylen glycol alginat,II.150,Phụ lục,KIEM_TRA_ATTP,,,,24
13023100,INS 406: Thạch Aga,II.151,Phụ lục,KIEM_TRA_ATTP,,,,25
13023911,INS 407: Carrageenan,II.152,Phụ lục,KIEM_TRA_ATTP,,,,25
13023912,INS 407: Carrageenan,II.152,Phụ lục,KIEM_TRA_ATTP,,,,25
13023913,INS 407: Carrageenan,II.152,Phụ lục,KIEM_TRA_ATTP,,,,25
13023919,INS 407: Carrageenan,II.152,Phụ lục,KIEM_TRA_ATTP,,,,25
13023990,INS 407a: Rong biển eucheuma đã qua chế biến,II.153,Phụ lục,KIEM_TRA_ATTP,,,,25
13023990,INS 410: Gôm đậu carob,II.154,Phụ lục,KIEM_TRA_ATTP,,,,25
13023200,INS 412: Gôm gua,II.155,Phụ lục,KIEM_TRA_ATTP,,,,25
13019090,INS 413: Gôm tragacanth,II.156,Phụ lục,KIEM_TRA_ATTP,,,,26
13012000,INS 414: Gôm arabic,II.157,Phụ lục,KIEM_TRA_ATTP,,,,26
39139090,INS 415: Gôm xanthan,II.158,Phụ lục,KIEM_TRA_ATTP,,,,26
13019090,INS 416: Gôm karaya,II.159,Phụ lục,KIEM_TRA_ATTP,,,,26
13023990,INS 417: Gôm tara,II.160,Phụ lục,KIEM_TRA_ATTP,,,,26
39139090,INS 418: Gôm gellan,II.161,Phụ lục,KIEM_TRA_ATTP,,,,26
29054400,INS 420(i): Sorbitol,II.162,Phụ lục,KIEM_TRA_ATTP,,,,26
38246000,INS 420(ii): Siro sorbitol,II.163,Phụ lục,KIEM_TRA_ATTP,,,,26
29054300,INS 421: Manitol,II.164,Phụ lục,KIEM_TRA_ATTP,,,,27
29054500,INS 422: Glycerol,II.165,Phụ lục,KIEM_TRA_ATTP,,,,27
13012000,INS 423: Gôm arabic biến tính bằng acid octenyl succinic (OSA),II.166,Phụ lục,KIEM_TRA_ATTP,,,,27
39139090,INS 424: Curdlan,II.167,Phụ lục,KIEM_TRA_ATTP,,,,27
13023990,INS 425: Bột konjac,II.168,Phụ lục,KIEM_TRA_ATTP,,,,27
13023990,INS 427: Gôm cassia,II.169,Phụ lục,KIEM_TRA_ATTP,,,,27
39072990,INS 430: Polyoxyethylen (8) stearat,II.170,Phụ lục,KIEM_TRA_ATTP,,,,28
34024290,INS 431: Polyoxyethylen (40) stearat,II.171,Phụ lục,KIEM_TRA_ATTP,,,,28
34024290,INS 432: Polyoxyethylen (20) sorbitan monolaurat,II.172,Phụ lục,KIEM_TRA_ATTP,,,,28
34024290,INS 433: Polyoxyethylen (20) sorbitan monooleat,II.173,Phụ lục,KIEM_TRA_ATTP,,,,28
34024290,INS 434: Polyoxyethylen (20) sorbitan monopalmitat,II.174,Phụ lục,KIEM_TRA_ATTP,,,,28
34024290,INS 435: Polyoxyethylen (20) sorbitan monostearat,II.175,Phụ lục,KIEM_TRA_ATTP,,,,28
34024290,INS 436: Polyoxyethylen (20) sorbitan tristearat,II.176,Phụ lục,KIEM_TRA_ATTP,,,,28
13022000,INS 440: Pectin,II.177,Phụ lục,KIEM_TRA_ATTP,,,,28
28352990,INS 442: Các muối amoni của acid phosphatidic,II.178,Phụ lục,KIEM_TRA_ATTP,,,,28
29400000,INS 444: Sucrose acetat isobutyrat,II.179,Phụ lục,KIEM_TRA_ATTP,,,,29
38063010,INS 445(iii): Glycerol ester của nhựa cây,II.180,Phụ lục,KIEM_TRA_ATTP,,,,29
38063090,INS 445(iii): Glycerol ester của nhựa cây,II.180,Phụ lục,KIEM_TRA_ATTP,,,,29
38069010,INS 445(iii): Glycerol ester của nhựa cây,II.180,Phụ lục,KIEM_TRA_ATTP,,,,29
38069090,INS 445(iii): Glycerol ester của nhựa cây,II.180,Phụ lục,KIEM_TRA_ATTP,,,,29
28352200,INS 450(i): Dinatri diphosphat,II.181,Phụ lục,KIEM_TRA_ATTP,,,,29
28352910,INS 450(ii): Trinatri diphosphat,II.182,Phụ lục,KIEM_TRA_ATTP,,,,29
28353910,INS 450(iii): Tetranatri diphosphat,II.183,Phụ lục,KIEM_TRA_ATTP,,,,29
28353990,INS 450(v): Tetrakali diphosphat,II.184,Phụ lục,KIEM_TRA_ATTP,,,,30
28352600,INS 450(vi): Dicalci diphosphat,II.185,Phụ lục,KIEM_TRA_ATTP,,,,30
28352600,INS 450(vii): Calci dihydro diphosphat,II.186,Phụ lục,KIEM_TRA_ATTP,,,,30
28352990,INS 450(ix): Magnesi dihydro diphosphat,II.187,Phụ lục,KIEM_TRA_ATTP,,,,31
28353990,INS 451(i): Pentanatri triphosphat,II.188,Phụ lục,KIEM_TRA_ATTP,,,,31
28353990,INS 451(ii): Pentakali triphosphat,II.189,Phụ lục,KIEM_TRA_ATTP,,,,31
28353990,INS 452(i): Natri polyphosphat,II.190,Phụ lục,KIEM_TRA_ATTP,,,,31
28353990,INS 452(ii): Kali polyphosphat,II.191,Phụ lục,KIEM_TRA_ATTP,,,,32
28353990,INS 452(iii): Natri calci polyphosphat,II.192,Phụ lục,KIEM_TRA_ATTP,,,,32
28353990,INS 452(iv): Calci polyphosphat,II.193,Phụ lục,KIEM_TRA_ATTP,,,,32
28353990,INS 452(v): Amoni polyphosphat,II.194,Phụ lục,KIEM_TRA_ATTP,,,,32
21022090,INS 455: Mannoprotein của nấm men,II.195,Phụ lục,KIEM_TRA_ATTP,,,,33
35051010,INS 457: alpha-Cyclodextrin,II.196,Phụ lục,KIEM_TRA_ATTP,,,,33
29400000,INS 458: gamma-Cyclodextrin,II.197,Phụ lục,KIEM_TRA_ATTP,,,,33
35051090,INS 459: beta-Cyclodextrin,II.198,Phụ lục,KIEM_TRA_ATTP,,,,33
39129020,INS 460(i): Cellulose vi tinh thể (Cellulose gel),II.199,Phụ lục,KIEM_TRA_ATTP,,,,33
39129090,INS 460(i): Cellulose vi tinh thể (Cellulose gel),II.199,Phụ lục,KIEM_TRA_ATTP,,,,33
39129090,INS 460(ii): Bột cellulose,II.200,Phụ lục,KIEM_TRA_ATTP,,,,33
39123900,INS 461: Methyl cellulose,II.201,Phụ lục,KIEM_TRA_ATTP,,,,33
39123900,INS 462: Ethyl cellulose,II.202,Phụ lục,KIEM_TRA_ATTP,,,,34
39123900,INS 463: Hydroxypropyl cellulose,II.203,Phụ lục,KIEM_TRA_ATTP,,,,34
39123900,INS 464: Hydroxypropyl methyl cellulose,II.204,Phụ lục,KIEM_TRA_ATTP,,,,34
39123900,INS 465: Methyl ethyl cellulose,II.205,Phụ lục,KIEM_TRA_ATTP,,,,34
39123100,INS 466: Natri carboxymethyl cellulose (Gôm cellulose),II.206,Phụ lục,KIEM_TRA_ATTP,,,,34
39123900,INS 467: Ethyl hydroxyethyl cellulose,II.207,Phụ lục,KIEM_TRA_ATTP,,,,34
39123100,INS 468: Cross-linked natri carboxymethyl cellulose,II.208,Phụ lục,KIEM_TRA_ATTP,,,,35
39123100,"INS 469: Natri carboxymethyl cellulose, thủy phân bằng enzyme (Gôm cellulose, thủy phân bằng enzym)",II.209,Phụ lục,KIEM_TRA_ATTP,,,,35
29157010,"INS 470(i): Muối của acid myristic, palmitic và stearic (NH4, Ca, K và Na)",II.210,Phụ lục,KIEM_TRA_ATTP,,,,35
29157030,"INS 470(i): Muối của acid myristic, palmitic và stearic (NH4, Ca, K và Na)",II.210,Phụ lục,KIEM_TRA_ATTP,,,,35
29159020,"INS 470(i): Muối của acid myristic, palmitic và stearic (NH4, Ca, K và Na)",II.210,Phụ lục,KIEM_TRA_ATTP,,,,35
29161500,"INS 470(ii): Muối của acid oleic (Ca, Na và K)",II.211,Phụ lục,KIEM_TRA_ATTP,,,,35
29157030,INS 470(iii): Magnesi sterat,II.212,Phụ lục,KIEM_TRA_ATTP,,,,35
15200090,INS 471: Mono và diglycerid của các acid béo,II.213,Phụ lục,KIEM_TRA_ATTP,,,,35
38249999,INS 472a: Este của glycerol với acid acetic và acid béo,II.214,Phụ lục,KIEM_TRA_ATTP,,,,35
29163990,INS 472b: Este của glycerol với acid lactic và acid béo,II.215,Phụ lục,KIEM_TRA_ATTP,,,,36
29163990,INS 472c: Este của glycerol với acid citric và acid béo,II.216,Phụ lục,KIEM_TRA_ATTP,,,,36
29163990,INS 472e: Este của glycerol với acid diacetyl tartaric và acid béo,II.217,Phụ lục,KIEM_TRA_ATTP,,,,36
29163990,INS 473: Este của sucrose với các acid béo,II.218,Phụ lục,KIEM_TRA_ATTP,,,,36
29159090,INS 473a: Oligoeste typ 1 và typ 2 của sucrose,II.219,Phụ lục,KIEM_TRA_ATTP,,,,36
38249970,INS 474: Sucroglycerid,II.220,Phụ lục,KIEM_TRA_ATTP,,,,36
29163990,INS 475: Este của polyglycerol với các acid béo,II.221,Phụ lục,KIEM_TRA_ATTP,,,,36
29163990,INS 476: Este của polyglycerol với acid ricinoleic,II.222,Phụ lục,KIEM_TRA_ATTP,,,,36
29163990,INS 477: Este của propylen glycol với acid béo,II.223,Phụ lục,KIEM_TRA_ATTP,,,,37
15180014,INS 479: Dầu đậu nành oxy hóa nhiệt tương tác với mono và diglycerid của các acid béo,II.224,Phụ lục,KIEM_TRA_ATTP,,,,37
29171900,INS 480: Dioctyl natri sulfosuccinat,II.225,Phụ lục,KIEM_TRA_ATTP,,,,37
29157030,INS 481(i): Natri stearoyl lactylat,II.226,Phụ lục,KIEM_TRA_ATTP,,,,37
29181100,INS 482(i): Calci stearoyl lactylat,II.227,Phụ lục,KIEM_TRA_ATTP,,,,37
29181590,INS 484: Stearyl citrat,II.228,Phụ lục,KIEM_TRA_ATTP,,,,37
29054400,INS 491: Sorbitan monostearat,II.229,Phụ lục,KIEM_TRA_ATTP,,,,37
29054400,INS 492: Sorbitan tristearat,II.230,Phụ lục,KIEM_TRA_ATTP,,,,37
29054400,INS 493: Sorbitan monolaurat,II.231,Phụ lục,KIEM_TRA_ATTP,,,,38
29054400,INS 494: Sorbitan monooleat,II.232,Phụ lục,KIEM_TRA_ATTP,,,,38
29054400,INS 495: Sorbitan monopalmitat,II.233,Phụ lục,KIEM_TRA_ATTP,,,,38
28362000,INS 500(i): Natri carbonat,II.234,Phụ lục,KIEM_TRA_ATTP,,,,38
28363000,INS 500(ii): Natri hydro carbonat,II.235,Phụ lục,KIEM_TRA_ATTP,,,,38
28369990,INS 500(iii): Natri sesquicarbonat,II.236,Phụ lục,KIEM_TRA_ATTP,,,,38
28364000,INS 501(i): Kali carbonat,II.237,Phụ lục,KIEM_TRA_ATTP,,,,38
28369990,INS 501(ii): Kali hydro carbonat,II.238,Phụ lục,KIEM_TRA_ATTP,,,,38
28369910,INS 503(i): Amoni carbonat,II.239,Phụ lục,KIEM_TRA_ATTP,,,,39
28369990,INS 503(ii): Amoni hydro carbonat,II.240,Phụ lục,KIEM_TRA_ATTP,,,,39
25191000,INS 504(i): Magnesi carbonat,II.241,Phụ lục,KIEM_TRA_ATTP,,,,39
28369990,INS 504(i): Magnesi carbonat,II.241,Phụ lục,KIEM_TRA_ATTP,,,,39
28369990,INS 504(ii): Magnesi hydroxyd carbonat,II.242,Phụ lục,KIEM_TRA_ATTP,,,,39
28061000,INS 507: Acid hydrocloric,II.243,Phụ lục,KIEM_TRA_ATTP,,,,39
28273990,INS 508: Kali clorid,II.244,Phụ lục,KIEM_TRA_ATTP,,,,39
28272010,INS 509: Calci clorid,II.245,Phụ lục,KIEM_TRA_ATTP,,,,39
28272090,INS 509: Calci clorid,II.245,Phụ lục,KIEM_TRA_ATTP,,,,39
28271000,INS 510: Amoni clorid,II.246,Phụ lục,KIEM_TRA_ATTP,,,,39
28273100,INS 511: Magnesi clorid,II.247,Phụ lục,KIEM_TRA_ATTP,,,,39
28273990,INS 512: Thiếc clorid,II.248,Phụ lục,KIEM_TRA_ATTP,,,,40
28331900,INS 514(i): Natri sulfat,II.249,Phụ lục,KIEM_TRA_ATTP,,,,40
28331900,INS 514(ii): Natri hydro sulfat,II.250,Phụ lục,KIEM_TRA_ATTP,,,,40
28332990,INS 515(i): Kali sulfat,II.251,Phụ lục,KIEM_TRA_ATTP,,,,40
28332990,INS 515(ii): Kali hydro sulfat,II.252,Phụ lục,KIEM_TRA_ATTP,,,,40
28332990,INS 516: Calci sulfat,II.253,Phụ lục,KIEM_TRA_ATTP,,,,40
28332100,INS 518: Magnesi sulfat,II.254,Phụ lục,KIEM_TRA_ATTP,,,,40
28332210,INS 523: Nhôm amoni sulfat,II.255,Phụ lục,KIEM_TRA_ATTP,,,,40
28332290,INS 523: Nhôm amoni sulfat,II.255,Phụ lục,KIEM_TRA_ATTP,,,,40
28151100,INS 524: Natri hydroxyd,II.256,Phụ lục,KIEM_TRA_ATTP,,,,40
28151200,INS 524: Natri hydroxyd,II.256,Phụ lục,KIEM_TRA_ATTP,,,,40
28152000,INS 525: Kali hydroxyd,II.257,Phụ lục,KIEM_TRA_ATTP,,,,41
28259000,INS 526: Calci hydroxyd,II.258,Phụ lục,KIEM_TRA_ATTP,,,,41
28142000,INS 527: Amoni hydroxyd,II.259,Phụ lục,KIEM_TRA_ATTP,,,,41
28161000,INS 528: Magnesi hydroxyd,II.260,Phụ lục,KIEM_TRA_ATTP,,,,41
25221000,INS 529: Oxyd calci,II.261,Phụ lục,KIEM_TRA_ATTP,,,,41
28259000,INS 529: Oxyd calci,II.261,Phụ lục,KIEM_TRA_ATTP,,,,41
25199010,INS 530: Oxyd magnesi,II.262,Phụ lục,KIEM_TRA_ATTP,,,,41
25199090,INS 530: Oxyd magnesi,II.262,Phụ lục,KIEM_TRA_ATTP,,,,41
28372000,INS 535: Natri ferrocyanid,II.263,Phụ lục,KIEM_TRA_ATTP,,,,41
28372000,INS 536: Kali ferrocyanid,II.264,Phụ lục,KIEM_TRA_ATTP,,,,41
28372000,INS 538: Calci ferrocyanid,II.265,Phụ lục,KIEM_TRA_ATTP,,,,41
28323000,INS 539: Natri thiosulfat,II.266,Phụ lục,KIEM_TRA_ATTP,,,,41
28352990,"INS 541(i): Natri nhôm phosphat, dạng acid",II.267,Phụ lục,KIEM_TRA_ATTP,,,,41
28352990,"INS 541(ii): Natri nhôm phosphat, dạng bazo",II.268,Phụ lục,KIEM_TRA_ATTP,,,,42
28232600,INS 542: Bone phosphat,II.269,Phụ lục,KIEM_TRA_ATTP,,,,42
28112210,INS 551: Dioxyd silic vô định hình,II.270,Phụ lục,KIEM_TRA_ATTP,,,,42
28112290,INS 551: Dioxyd silic vô định hình,II.270,Phụ lục,KIEM_TRA_ATTP,,,,42
28421000,INS 552: Calci silicat,II.271,Phụ lục,KIEM_TRA_ATTP,,,,42
28399000,INS 553(i): Magnesi silicat tổng hợp,II.272,Phụ lục,KIEM_TRA_ATTP,,,,42
25262010,INS 553(iii): Bột talc,II.273,Phụ lục,KIEM_TRA_ATTP,,,,42
28421000,INS 554: Natri nhôm silicat,II.274,Phụ lục,KIEM_TRA_ATTP,,,,42
29400000,INS 575: Glucono delta-lacton,II.275,Phụ lục,KIEM_TRA_ATTP,,,,42
29181600,INS 576: Natri gluconat,II.276,Phụ lục,KIEM_TRA_ATTP,,,,43
29181600,INS 577: Kali gluconat,II.277,Phụ lục,KIEM_TRA_ATTP,,,,43
29181600,INS 578: Calci gluconat,II.278,Phụ lục,KIEM_TRA_ATTP,,,,43
29181600,INS 579: Sắt (II) gluconat,II.279,Phụ lục,KIEM_TRA_ATTP,,,,43
29181600,INS 580: Magnesi gluconat,II.280,Phụ lục,KIEM_TRA_ATTP,,,,43
29181100,INS 585: Sắt (II) lactat,II.281,Phụ lục,KIEM_TRA_ATTP,,,,43
29072990,INS 586: 4-hexylresorcinol,II.282,Phụ lục,KIEM_TRA_ATTP,,,,43
29224210,INS 620: Acid glutamic (L(+)-),II.283,Phụ lục,KIEM_TRA_ATTP,,,,43
29224220,INS 621: Mononatri L-glutamat,II.284,Phụ lục,KIEM_TRA_ATTP,,,,43
29224290,INS 622: Monokali L-glutamat,II.285,Phụ lục,KIEM_TRA_ATTP,,,,43
29224290,INS 623: Calci di-L-glutamat,II.286,Phụ lục,KIEM_TRA_ATTP,,,,44
29224220,INS 624: Monoamoni glutamat,II.287,Phụ lục,KIEM_TRA_ATTP,,,,44
29224220,INS 625: Magnesi di-L-glutamat,II.288,Phụ lục,KIEM_TRA_ATTP,,,,44
29349910,"INS 626: Acid guanylic, 5'-",II.289,Phụ lục,KIEM_TRA_ATTP,,,,44
29224220,INS 627: Dinatri 5'-guanylat,II.290,Phụ lục,KIEM_TRA_ATTP,,,,44
29349990,INS 628: Dikali 5'-guanylat,II.291,Phụ lục,KIEM_TRA_ATTP,,,,44
29349910,INS 629: Calci 5'-guanylat,II.292,Phụ lục,KIEM_TRA_ATTP,,,,44
29349990,"INS 630: Acid inosinic, 5'-",II.293,Phụ lục,KIEM_TRA_ATTP,,,,44
29224900,INS 631: Dinatri 5'-inosinat,II.294,Phụ lục,KIEM_TRA_ATTP,,,,44
29349990,INS 632: Kali 5'-inosinat,II.295,Phụ lục,KIEM_TRA_ATTP,,,,44
29349910,INS 633: Calci 5'-inosinat,II.296,Phụ lục,KIEM_TRA_ATTP,,,,44
29349910,INS 634: Calci 5'-ribonucleotid,II.297,Phụ lục,KIEM_TRA_ATTP,,,,44
29349990,INS 635: Dinatri 5'-ribonucleotid,II.298,Phụ lục,KIEM_TRA_ATTP,,,,44
29329900,INS 636: Maltol,II.299,Phụ lục,KIEM_TRA_ATTP,,,,44
29329900,INS 637: Ethyl maltol,II.300,Phụ lục,KIEM_TRA_ATTP,,,,44
29224900,INS 639: DL-Alanin,II.301,Phụ lục,KIEM_TRA_ATTP,,,,45
29224900,INS 640: Glycin,II.302,Phụ lục,KIEM_TRA_ATTP,,,,45
39100090,INS 900a: Polydimethylsiloxan,II.303,Phụ lục,KIEM_TRA_ATTP,,,,45
15219010,INS 901: Sáp ong,II.304,Phụ lục,KIEM_TRA_ATTP,,,,45
15211000,INS 902: Sáp candelilla,II.305,Phụ lục,KIEM_TRA_ATTP,,,,45
15211000,INS 903: Sáp carnauba,II.306,Phụ lục,KIEM_TRA_ATTP,,,,45
13019040,INS 904: Shellac tẩy trắng,II.307,Phụ lục,KIEM_TRA_ATTP,,,,45
27129090,INS 905c(i): Sáp vi tinh thể,II.308,Phụ lục,KIEM_TRA_ATTP,,,,45
27101990,"INS 905d: Dầu khoáng, độ nhớt cao",II.309,Phụ lục,KIEM_TRA_ATTP,,,,46
27101990,"INS 905e: Dầu khoáng, độ nhớt trung bình",II.310,Phụ lục,KIEM_TRA_ATTP,,,,46
29349930,INS 907: Hydrogenated poly-1-decenes,II.311,Phụ lục,KIEM_TRA_ATTP,,,,46
34049090,INS E914: Sáp oxidised polyethylene,II.312,Phụ lục,KIEM_TRA_ATTP,,,,46
28011000,INS 925: Khí clor,II.313,Phụ lục,KIEM_TRA_ATTP,,,,46
29270010,INS 927a: Azodicarbonamid,II.314,Phụ lục,KIEM_TRA_ATTP,,,,46
29163210,INS 928: Benzoyl peroxyd,II.315,Phụ lục,KIEM_TRA_ATTP,,,,46
28259000,INS 930: Calci peroxyd,II.316,Phụ lục,KIEM_TRA_ATTP,,,,46
28043000,INS 941: Khí nitơ,II.317,Phụ lục,KIEM_TRA_ATTP,,,,46
28112990,INS 942: Khí nitơ oxyd,II.318,Phụ lục,KIEM_TRA_ATTP,,,,46
29349990,INS 950: Acesulfam kali,II.319,Phụ lục,KIEM_TRA_ATTP,,,,47
29242910,INS 951: Aspartam,II.320,Phụ lục,KIEM_TRA_ATTP,,,,47
29213000,INS 952(i): Acid cyclamic,II.321,Phụ lục,KIEM_TRA_ATTP,,,,47
29335990,INS 952(ii): Calci cyclamat,II.322,Phụ lục,KIEM_TRA_ATTP,,,,47
29299010,INS 952(iv): Natri cyclamat,II.323,Phụ lục,KIEM_TRA_ATTP,,,,47
29400000,INS 953: Isomalt (Hydrogenated isomaltulose),II.324,Phụ lục,KIEM_TRA_ATTP,,,,47
29251100,"INS 954(i): Saccharin và muối của saccharin, gồm: - Saccharin",II.325,Phụ lục,KIEM_TRA_ATTP,,,,47
29251100,"INS 954(ii): Saccharin và muối của saccharin, gồm: - Calci saccharin",II.325,Phụ lục,KIEM_TRA_ATTP,,,,47
29251100,"INS 954(iii): Saccharin và muối của saccharin, gồm: - Kali saccharin",II.325,Phụ lục,KIEM_TRA_ATTP,,,,47
29251100,"INS 954(iv): Saccharin và muối của saccharin, gồm: - Natri saccharin",II.325,Phụ lục,KIEM_TRA_ATTP,,,,47
29400000,INS 955: Sucralose (Triclorogalacto sucrose),II.326,Phụ lục,KIEM_TRA_ATTP,,,,48
29349990,INS 956: Alitam,II.327,Phụ lục,KIEM_TRA_ATTP,,,,48
35040000,INS 957: Thaumatin,II.328,Phụ lục,KIEM_TRA_ATTP,,,,48
29389000,INS 960a: Steviol glycosid từ Stevia rebaudiana Bertoni (Steviol glycosid từ Stevia),II.329,Phụ lục,KIEM_TRA_ATTP,,,,48
29224900,INS 961: Neotam,II.330,Phụ lục,KIEM_TRA_ATTP,,,,48
29242910,INS 962: Muối aspartam-acesulfam,II.331,Phụ lục,KIEM_TRA_ATTP,,,,48
38249970,INS 964: Siro polyglycitol,II.332,Phụ lục,KIEM_TRA_ATTP,,,,48
29400000,INS 965(i): Maltitol,II.333,Phụ lục,KIEM_TRA_ATTP,,,,48
38249970,INS 965(ii): Siro maltitol,II.334,Phụ lục,KIEM_TRA_ATTP,,,,48
29400000,INS 966: Lactitol,II.335,Phụ lục,KIEM_TRA_ATTP,,,,49
29054900,INS 967: Xylitol,II.336,Phụ lục,KIEM_TRA_ATTP,,,,49
29054900,INS 968: Erythritol,II.337,Phụ lục,KIEM_TRA_ATTP,,,,49
13021990,INS 999(i): Chất chiết xuất từ quillaia nhóm I,II.338,Phụ lục,KIEM_TRA_ATTP,,,,49
13021990,INS 999(ii): Chất chiết xuất từ quillaia nhóm II,II.339,Phụ lục,KIEM_TRA_ATTP,,,,49
35079000,"INS 1100(i): alpha-Amylase, gồm: - alpha-Amylase từ Aspergillus orysee var.",II.340,Phụ lục,KIEM_TRA_ATTP,,,,49
35079000,"INS 1100(ii): alpha-Amylase, gồm: - alpha-Amylase từ Bacillus stearothermophilus",II.340,Phụ lục,KIEM_TRA_ATTP,,,,49
35079000,"INS 1100(iii): alpha-Amylase, gồm: - alpha-Amylase từ Bacillus subtilis",II.340,Phụ lục,KIEM_TRA_ATTP,,,,49
35079000,"INS 1100(iv): alpha-Amylase, gồm: - alpha-Amylase từ Bacillus megaterium expressed in Bacillus subtilis",II.340,Phụ lục,KIEM_TRA_ATTP,,,,50
35079000,"INS 1100(v): alpha-Amylase, gồm: - alpha-Amylase từ Bacillus stearothermophilus expressed in Bacillus subtilis",II.340,Phụ lục,KIEM_TRA_ATTP,,,,50
35079000,INS 1100(vi): Carbohydrase từ Bacillus licheniformis,II.341,Phụ lục,KIEM_TRA_ATTP,,,,50
35079000,INS 1101(i): Protease từ Aspergillus orysee var.,II.342,Phụ lục,KIEM_TRA_ATTP,,,,50
35079000,INS 1101(ii): Papain,II.343,Phụ lục,KIEM_TRA_ATTP,,,,50
35079000,INS 1101(iii): Bromelain,II.344,Phụ lục,KIEM_TRA_ATTP,,,,50
35079000,INS 1102: Glucose oxydase,II.345,Phụ lục,KIEM_TRA_ATTP,,,,50
35079000,INS 1104: Lipases,II.346,Phụ lục,KIEM_TRA_ATTP,,,,50
35079000,INS 1105: Lysozym,II.347,Phụ lục,KIEM_TRA_ATTP,,,,50
39139090,INS 1200: Polydextrose,II.348,Phụ lục,KIEM_TRA_ATTP,,,,50
39059910,INS 1201: Polyvinylpyrrolidon,II.349,Phụ lục,KIEM_TRA_ATTP,,,,51
39059990,"INS 1202: Polyvinylpyrrolidon, không tan",II.350,Phụ lục,KIEM_TRA_ATTP,,,,51
39053010,INS 1203: Polyvinyl alcohol,II.351,Phụ lục,KIEM_TRA_ATTP,,,,51
39139030,INS 1204: Pullulan,II.352,Phụ lục,KIEM_TRA_ATTP,,,,51
39059190,INS 1209: Copolyme ghép của Polyvinyl alcohol (PVA) - Polyethylen glycol (PEG),II.353,Phụ lục,KIEM_TRA_ATTP,,,,51
39069092,INS 1210: Natri polyacrylat,II.354,Phụ lục,KIEM_TRA_ATTP,,,,51
35051010,"INS 1400: Dextrin, tinh bột rang",II.355,Phụ lục,KIEM_TRA_ATTP,,,,51
35051010,INS 1401: Tinh bột đã được xử lý bằng acid,II.356,Phụ lục,KIEM_TRA_ATTP,,,,51
35051090,INS 1401: Tinh bột đã được xử lý bằng acid,II.356,Phụ lục,KIEM_TRA_ATTP,,,,51
35051010,INS 1402: Tinh bột đã được xử lý bằng kiềm,II.357,Phụ lục,KIEM_TRA_ATTP,,,,52
35051090,INS 1402: Tinh bột đã được xử lý bằng kiềm,II.357,Phụ lục,KIEM_TRA_ATTP,,,,52
35051010,INS 1403: Tinh bột đã khử màu,II.358,Phụ lục,KIEM_TRA_ATTP,,,,52
35051090,INS 1403: Tinh bột đã khử màu,II.358,Phụ lục,KIEM_TRA_ATTP,,,,52
35051010,INS 1404: Tinh bột xử lý oxy hóa,II.359,Phụ lục,KIEM_TRA_ATTP,,,,52
35051090,INS 1404: Tinh bột xử lý oxy hóa,II.359,Phụ lục,KIEM_TRA_ATTP,,,,52
35051010,"INS 1405: Tinh bột, xử lý bằng enzim",II.360,Phụ lục,KIEM_TRA_ATTP,,,,52
35051090,"INS 1405: Tinh bột, xử lý bằng enzim",II.360,Phụ lục,KIEM_TRA_ATTP,,,,52
35051090,INS 1410: Monostarch phosphat,II.361,Phụ lục,KIEM_TRA_ATTP,,,,52
28352990,INS 1412: Distarch phosphat,II.362,Phụ lục,KIEM_TRA_ATTP,,,,52
35051090,INS 1413: Phosphated distarch phosphat,II.363,Phụ lục,KIEM_TRA_ATTP,,,,52
35051090,INS 1414: Acetylated distarch phosphat,II.364,Phụ lục,KIEM_TRA_ATTP,,,,52
35051090,INS 1420: Starch acetate,II.365,Phụ lục,KIEM_TRA_ATTP,,,,52
35051090,INS 1421: Starch acetate este hóa với vinyl acetate,II.366,Phụ lục,KIEM_TRA_ATTP,,,,52
35051090,INS 1422: Acetylated distarch adipat,II.367,Phụ lục,KIEM_TRA_ATTP,,,,53
35051090,INS 1440: Hydroxypropyl starch,II.368,Phụ lục,KIEM_TRA_ATTP,,,,53
35051090,INS 1442: Hydroxypropyl distarch phosphat,II.369,Phụ lục,KIEM_TRA_ATTP,,,,53
35051010,INS 1450: Starch natri octenyl succinat,II.370,Phụ lục,KIEM_TRA_ATTP,,,,53
35051090,INS 1450: Starch natri octenyl succinat,II.370,Phụ lục,KIEM_TRA_ATTP,,,,53
35051090,INS 1451: Acetylated oxydized starch,II.371,Phụ lục,KIEM_TRA_ATTP,,,,53
15153010,INS 1503: Dầu Castor,II.372,Phụ lục,KIEM_TRA_ATTP,,,,53
15153090,INS 1503: Dầu Castor,II.372,Phụ lục,KIEM_TRA_ATTP,,,,53
29400000,INS 1504(i): Cyclotetraglucose,II.373,Phụ lục,KIEM_TRA_ATTP,,,,53
29400000,INS 1504(ii): Siro cyclotetraglucose,II.374,Phụ lục,KIEM_TRA_ATTP,,,,53
29181590,INS 1505: Triethyl citrat,II.375,Phụ lục,KIEM_TRA_ATTP,,,,53
29153990,INS 1518: Triacetin,II.376,Phụ lục,KIEM_TRA_ATTP,,,,53
29053200,INS 1520: Propylen glycol,II.377,Phụ lục,KIEM_TRA_ATTP,,,,54
39072090,INS 1521: Polyethylen glycol,II.378,Phụ lục,KIEM_TRA_ATTP,,,,54
32030010,INS 160c(ii): Chiết xuất Paprika,II.379,Phụ lục,KIEM_TRA_ATTP,,,,54
13019090,INS 419: Gôm ghatti,II.380,Phụ lục,KIEM_TRA_ATTP,,,,54
13023990,INS 437: Polysaccharid hạt me,II.381,Phụ lục,KIEM_TRA_ATTP,,,,54
29242990,INS 969: Advantam,II.382,Phụ lục,KIEM_TRA_ATTP,,,,54
39069099,"INS 1205: Copolyme của Methacrylat, dạng bazo (BMC)",II.383,Phụ lục,KIEM_TRA_ATTP,,,,54
29389000,INS 960b: Các steviol glycosid từ lên men,II.384,Phụ lục,KIEM_TRA_ATTP,,,,54
29389000,INS 960c: Các steviol glycosid sản xuất bằng enzym,II.385,Phụ lục,KIEM_TRA_ATTP,,,,55
29389000,INS 960d: Các steviol glycosid,II.386,Phụ lục,KIEM_TRA_ATTP,,,,55
32030010,INS 161b(ii): Chiết xuất Tagetes,II.387,Phụ lục,KIEM_TRA_ATTP,,,,55
29362300,INS 101(iv): Riboflavin từ Ashbya gossypii,II.388,Phụ lục,KIEM_TRA_ATTP,,,,55
32030010,INS 160a(iv): Chiết xuất giàu β-Carotene từ Dunaliella Salina,II.389,Phụ lục,KIEM_TRA_ATTP,,,,55
28342100,INS 252: Kali nitrat,II.390,Phụ lục,KIEM_TRA_ATTP,,,,55
29232090,"INS 322(ii): Lecithin, thủy phân một phần",II.391,Phụ lục,KIEM_TRA_ATTP,,,,55
32030010,INS 134: Chiết xuất Spirulina,II.392,Phụ lục,KIEM_TRA_ATTP,,,,55
39231090,Bằng nhựa tổng hợp: Hộp,III.393,Phụ lục,KIEM_TRA_ATTP,,,,55
39232199,"Bằng nhựa tổng hợp: Bao, túi, màng bọc",III.394,Phụ lục,KIEM_TRA_ATTP,,,,55
39233090,"Bằng nhựa tổng hợp: Bình, chai, lọ",III.395,Phụ lục,KIEM_TRA_ATTP,,,,56
39239090,"Bằng nhựa tổng hợp: Thùng chứa, bể chứa",III.396,Phụ lục,KIEM_TRA_ATTP,,,,56
39241010,Bằng nhựa tổng hợp: Đồ dùng nhà bếp,III.397,Phụ lục,KIEM_TRA_ATTP,,Từ melamin,,56
39241099,Bằng nhựa tổng hợp: Đồ dùng nhà bếp,III.397,Phụ lục,KIEM_TRA_ATTP,,Không từ melamin,,56
40149010,Bằng cao su: Núm vú của bình cho trẻ em ăn và các loại tương tự,III.398,Phụ lục,KIEM_TRA_ATTP,,,,56
