hs_code,count,sample_sh,sample_date
3824.99.99,252,1288/TB-TCHQ/2026,2026-03-11
3004.90.99,33,15745/TB-CHQ/2025,2025-03-01
2106.90.72,31,120/TB-CHQ/2025,2025-03-01
2202.99.50,29,26287/TB-CHQ/2025,2025-03-02
3208.90.90,26,185/TB-TCHQ/2024,2026-03-07
3824.90.99,25,2843/TB-TCHQ/2026,2026-03-11
2106.90.99,21,5523/TB-TCHQ/2024,2026-03-10
3824.99.70,21,6017/TB-TCHQ/2024,2026-03-10
2208.70.10,20,1752/TB-TCHQ/2022,2026-03-03
3926.90.99,20,8601/TB-CHQ/2025,21/01/2015
7210.70.11,18,451/TB-TCHQ/2019,30/01/2015
1905.32.20,16,1257/TB-TCHQ/2023,2026-03-05
5407.61.90,15,2795/TB-TCHQ/2018,30/01/2015
2710.19.90,13,5341/TB-TCHQ/2023,2026-03-07
1901.10.20,12,6439/TB-TCHQ/2024,2026-03-10
3304.99.90,12,1663/TB-TCHQ/2023,2026-03-05
2106.90.20,11,6940/TB-TCHQ/2018,2026-02-17
2202.90.30,11,3672/TB-TCHQ/2019,2026-02-24
2924.19.90,11,3547/TB-TCHQ/2019,2026-02-23
3302.10.30,11,10115/TB-CHQ/2025,2025-03-01
3504.00.00,11,2517/TB-TCHQ/2024,2026-03-08
2707.99.90,10,355/TB-CHQ/2025,2025-03-01
3926.30.00,10,280/TB-TCHQ/2025,17/12/2024
1901.90.31,9,6447/TB-TCHQ/2024,2026-03-10
2106.90.98,9,2306/TB-TCHQ/2024,2026-03-08
3307.90.90,9,4055/TB-TCHQ/2024,2026-03-09
3812.39.00,9,4341/TB-TCHQ/2023,2026-03-06
7226.11.90,9,860/TB-TCHQ/2019,30/01/2015
1806.90.90,8,3649/TB-TCHQ/2023,2026-03-06
2103.90.29,8,15668/TB-CHQ/2025,2025-03-01
2922.49.00,8,3031/TB-TCHQ/2022,2026-03-03
2933.69.00,8,103/TB-TCHQ/2020,2026-02-25
3304.99.30,8,1061/TB-TCHQ/2022,2026-03-02
3402.20.15,8,3755/TB-TCHQ/2019,2026-02-24
3402.90.13,8,4320/TB-TCHQ/2019,2026-02-25
3506.10.00,8,3312/TB-TCHQ/2024,2026-03-08
3822.00.90,8,1023/TB-TCHQ/2020,2026-02-26
3919.90.92,8,16238/TB-CHQ/2025,21/01/2015
7212.40.11,8,2131/TB-TCHQ/2020,30/01/2015
1515.90.91,7,2837/TB-TCHQ/2018,2026-02-12
1901.90.99,7,449/TB-TCHQ/2023,2026-03-05
2104.10.99,7,3915/TB-TCHQ/2019,2026-02-24
2106.90.59,7,122/TB-CHQ/2025,2025-03-01
2710.12.70,7,3055/TB-TCHQ/2022,2026-03-03
3402...,7,192/TB-TCHQ/2024,
3911.90.00,7,3594/TB-TCHQ/2024,25/03/2015
3926.90.93,7,5196/TB-TCHQ/2024,12/03/2026
5407.61.10,7,3023/TB-TCHQ/2018,30/01/2015
7210.70.19,7,6736/TB-TCHQ/2018,30/01/2015
7226.91.90,7,4051/TB-TCHQ/2018,30/01/2015
7229.90.20,7,90/TB-TCHQ/2019,30/01/2015
3004...,6,5284/TB-TCHQ/2024,
3814.00.00,6,2723/TB-TCHQ/2022,2026-03-03
3824...,6,210/TB-TCHQ/2024,
3902.10.40,6,2666/TB-CHQ/2025,28/02/2025
3907.20.90,6,509/TB-TCHQ/2018,30/01/2015
3909.31.00,6,1012/TB-TCHQ/2019,30/01/2015
6005.37.90,6,3001/TB-TCHQ/2019,30/01/2015
7008.00.00,6,1404/TB-TCHQ/2018,01/09/2016
7013.99.00,6,2334/TB-TCHQ/2018,30/01/2015
7217.10.39,6,2128/TB-TCHQ/2020,30/01/2015
7228.70.10,6,1133/TB-TCHQ/2022,20/04/2018
2008.99.40,5,1096/TB-TCHQ/2020,2026-02-26
2009.89.99,5,46167/TB-CHQ/2025,2025-03-03
2009.90.10,5,3386/TB-TCHQ/2019,2026-02-23
2103.90.13,5,3662/TB-TCHQ/2019,2026-02-24
2106...,5,2194/TB-TCHQ/2023,
2715.00.90,5,6271/TB-TCHQ/2018,2026-02-16
2842.90.90,5,4612/TB-TCHQ/2024,2026-03-09
2904.10.00,5,1097/TB-TCHQ/2019,2026-02-21
2918.19.00,5,1672/TB-TCHQ/2020,2026-02-27
2936.90.00,5,1184/TB-CHQ/2025,2025-03-01
2936.28.00,5,3300/TB-TCHQ/2024,2026-03-08
3004.20.99,5,313/TB-TCHQ/2024,2026-03-08
3302.10.90,5,28738/TB-CHQ/2025,2025-03-02
3307.90.50,5,1548/TB-TCHQ/2024,2026-03-08
3402.90.19,5,3828/TB-TCHQ/2019,2026-02-24
3920.99.39,5,5121/TB-TCHQ/2022,25/03/2015
5111.30.00,5,629/TB-TCHQ/2019,30/01/2015
5903.90.90,5,1759/TB-TCHQ/2018,30/01/2015
5911.90.90,5,657/TB-TCHQ/2022,30/01/2015
6815.99.00,5,1215/TB-TCHQ/2020,30/01/2015
7208.39.90,5,478/TB-TCHQ/2019,30/01/2015
0403...,4,7294/TB-TCHQ/2018,
1704.90.99,4,183/TB-TCHQ/2021,2026-03-02
1806.32.00,4,2413/TB-TCHQ/2022,2026-03-03
1901.90.39,4,2726/TB-TCHQ/2022,2026-03-03
2106.90.91,4,38544/TB-CHQ/2025,2025-03-03
2106.10.00,4,4816/TB-TCHQ/2024,2026-03-09
2501.00.92,4,4172/TB-TCHQ/2019,2026-02-25
2601.11.90,4,755/TB-TCHQ/2019,2026-02-20
2710.12.99,4,1633/TB-CHQ/2026,2025-03-03
2818.10.00,4,6483/TB-TCHQ/2018,2026-02-16
2917.19.00,4,5464/TB-TCHQ/2022,2026-03-04
2920.90.00,4,14/TB-TCHQ/2021,2026-03-01
2931.90.90,4,3748/TB-TCHQ/2019,2026-02-24
3005.90.90,4,6208/TB-TCHQ/2024,2026-03-10
3208.20.90,4,5419/TB-TCHQ/2022,2026-03-04
3214.10.00,4,132/TB-TCHQ/2021,2026-03-01
3402.90.99,4,2373/TB-TCHQ/2024,2026-03-08
3402.90.12,4,2040/TB-TCHQ/2020,2026-02-28
3920.62.90,4,5125/TB-TCHQ/2022,25/03/2015
3920.20.99,4,134/TB-TCHQ/2021,21/01/2015
5601.30.90,4,6305/TB-TCHQ/2023,30/01/2015
5705.00.99,4,2116/TB-TCHQ/2020,30/01/2015
6307.90.90,4,898/TB-TCHQ/2019,30/01/2015
6802.99.00,4,1668/TB-TCHQ/2020,30/01/2015
6815.10.99,4,18/TB-TCHQ/2019,30/01/2015
7005.21.90,4,1555/TB-TCHQ/2018,01/09/2016
7009.91.00,4,1329/TB-TCHQ/2018,30/01/2015
7214.99.92,4,447/TB-TCHQ/2019,30/01/2015
7216.40.90,4,5037/TB-TCHQ/2018,30/01/2015
7219.90.00,4,1930/TB-TCHQ/2020,30/01/2015
7308.90.99,4,1704/TB-TCHQ/2020,30/01/2015
7326.19.00,4,12015/TB-TCHQ/2023,12/03/2026
1211.90.98,3,2232/TB-TCHQ/2023,2026-03-06
1302.19.90,3,510/TB-TCHQ/2025,2026-03-11
1404.90.99,3,1455/TB-TCHQ/2021,2026-03-02
1902.11.00,3,21071/TB-CHQ/2025,2025-03-02
1904.90.10,3,6489/TB-TCHQ/2024,2026-03-10
1905.90.20,3,7286/TB-TCHQ/2018,2026-02-18
2008.19.99,3,2817/TB-TCHQ/2024,2026-03-08
2008.99.30,3,450/TB-TCHQ/2019,2026-02-19
2106.90.70,3,524/TB-TCHQ/2018,2026-02-08
2202.10.20,3,35250/TB-CHQ/2025,2025-03-02
2208.90.99,3,1852/TB-TCHQ/2020,2026-02-28
2308.00.00,3,810/TB-TCHQ/2022,2026-03-02
2710.19.89,3,1005/TB-TCHQ/2025,2026-03-11
2710.19.42,3,985/TB-TCHQ/2019,2026-02-21
2823.00.00,3,3149/TB-TCHQ/2019,2026-02-23
2832.10.00,3,1767/TB-TCHQ/2018,2026-02-10
2843.90.00,3,517/TB-TCHQ/2025,2026-03-11
2901.10.00,3,6471/TB-CHQ/2025,2025-03-01
2916.15.00,3,1089/TB-TCHQ/2020,2026-02-26
2920.29.00,3,1913/TB-TCHQ/2020,2026-02-28
2920.19.00,3,1091/TB-TCHQ/2020,2026-02-26
2922.19.90,3,1953/TB-TCHQ/2018,2026-02-11
2923.90.00,3,1054/TB-TCHQ/2018,2026-02-09
2933.99.90,3,6310/TB-TCHQ/2020,2026-03-01
3003.20.00,3,3920/TB-TCHQ/2019,2026-02-24
3004.90.89,3,6063/TB-CHQ/2026,2025-03-03
3004.90.59,3,223/TB-CHQ/2025,2025-03-01
3004.32.90,3,25114/TB-CHQ/2025,2025-03-02
3307.90.10,3,57/TB-TCHQ/2023,2026-03-05
3307.49.90,3,1980/TB-TCHQ/2019,2026-02-22
3402.50.19,3,2350/TB-TCHQ/2023,2026-03-06
3402.90.93,3,1755/TB-TCHQ/2020,2026-02-27
3402.90.92,3,1147/TB-TCHQ/2019,2026-02-21
3402.12.00,3,6722/TB-TCHQ/2018,2026-02-17
3403.99.19,3,1187/TB-TCHQ/2020,2026-02-26
3403.99.90,3,1192/TB-TCHQ/2020,2026-02-26
3405.90.10,3,7121/TB-TCHQ/2018,2026-02-17
3808.99.90,3,5108/TB-TCHQ/2022,2026-03-04
3808.92.90,3,796/TB-TCHQ/2019,2026-02-20
3824.40.00,3,4561/TB-TCHQ/2021,2026-03-02
3824.90.70,3,3542/TB-TCHQ/2019,2026-02-23
3901.40.00,3,32816/TB-CHQ/2025,09/10/2025
3902.90.90,3,706/TB-TCHQ/2019,30/01/2015
3907.61.00,3,3347/TB-TCHQ/2024,25/03/2015
3909.50.00,3,271/TB-TCHQ/2024,25/03/2015
3910.00.90,3,1219/TB-TCHQ/2020,30/01/2015
3918.90.15,3,1169/TB-TCHQ/2020,30/01/2015
3920.10.90,3,64/TB-TCHQ/2024,30/01/2015
3920.91.90,3,1116/TB-TCHQ/2018,30/01/2015
3921.13.91,3,2470/TB-TCHQ/2018,30/01/2015
4811.90.99,3,1839/TB-TCHQ/2020,30/01/2015
5111.19.90,3,3265/TB-TCHQ/2018,30/01/2015
5402.44.90,3,6202713/TB-TCHQ/2018,30/01/2015
5407.20.00,3,1900/TB-TCHQ/2020,30/01/2015
5516.13.00,3,519/TB-TCHQ/2018,30/01/2015
5907.00.60,3,6304/TB-TCHQ/2023,30/01/2015
6001.22.00,3,539/TB-TCHQ/2018,30/01/2015
6005.39.90,3,2469/TB-TCHQ/2018,30/01/2015
7019.39.90,3,22/TB-TCHQ/2019,30/01/2015
7020.00.90,3,3938/TB-TCHQ/2019,30/01/2015
7106.92.00,3,37689/TB-CHQ/2025,10/10/2025
7204.29.00,3,703/TB-TCHQ/2019,30/01/2015
7211.19.13,3,217/TB-TCHQ/2019,30/01/2015
7214.91.19,3,1194/TB-TCHQ/2020,30/01/2015
7224.90.00,3,6101/TB-TCHQ/2018,30/01/2015
7228.40.90,3,858/TB-TCHQ/2019,30/01/2015
7228.50.90,3,1502/TB-TCHQ/2018,30/01/2015
7229.90.91,3,1910/TB-TCHQ/2020,16/11/2017
7312.10.99,3,25150/TB-CHQ/2025,06/06/2025
7326.90.99,3,185/TB-TCHQ/2025,21/01/2015
0402.29.90,2,6104/TB-TCHQ/2018,2026-02-16
0210.19.90,2,989/TB-TCHQ/2019,2026-02-21
0402.10.91,2,2907/TB-TCHQ/2023,2026-03-06
0403.10.21,2,528/TB-TCHQ/2019,2026-02-20
0304.62.00,2,3873/TB-TCHQ/2023,2026-03-06
0406.30.00,2,1489/TB-CHQ/2026,2025-03-03
0406.20.90,2,526/TB-TCHQ/2019,2026-02-19
1211.90.99,2,483/TB-TCHQ/2019,2026-02-19
1503.00.90,2,1798/TB-TCHQ/2018,2026-02-10
1512...,2,1149/TB-TCHQ/2019,
1517.90.90,2,4153/TB-TCHQ/2018,2026-02-14
1901.90.20,2,118/TB-TCHQ/2023,2026-03-05
1905.32.00,2,7301/TB-TCHQ/2018,2026-02-18
2001.90.90,2,6931/TB-TCHQ/2018,2026-02-17
2101.12.99,2,8993/TB-CHQ/2025,2025-03-01
2102.30.00,2,1505/TB-TCHQ/2023,2026-03-05
2102.20.10,2,7547/TB-TCHQ/2018,2026-02-18
2102.20.90,2,6015/TB-TCHQ/2024,2026-03-10
2103...,2,4319/TB-TCHQ/2019,
2103.90.40,2,7545/TB-TCHQ/2018,2026-02-18
2103.90.90,2,813/TB-TCHQ/2018,2026-02-09
2202.99.90,2,3074/TB-TCHQ/2018,2026-02-13
2309.90.20,2,5644/TB-CHQ/2026,2025-03-03
2506.10.00,2,20/TB-CHQ/2026,2025-03-03
2601.12.90,2,4005/TB-TCHQ/2018,2026-02-14
2707.50.00,2,1672/TB-TCHQ/2023,2026-03-05
2710.12.60,2,3054/TB-TCHQ/2022,2026-03-03
2710.12.50,2,557/TB-TCHQ/2019,2026-02-20
2711.14.90,2,189/TB-TCHQ/2023,2026-03-05
2803.00.49,2,1050/TB-TCHQ/2019,2026-02-21
2803.00.41,2,799/TB-TCHQ/2019,2026-02-20
2809.20.92,2,6499/TB-TCHQ/2018,2026-02-16
2826.19.00,2,6631/TB-TCHQ/2018,2026-02-16
2827.49.00,2,3995/TB-TCHQ/2019,2026-02-25
2833.29.90,2,3996/TB-TCHQ/2019,2026-02-25
2834.29.90,2,2322/TB-TCHQ/2018,2026-02-11
2835.29.90,2,143/TB-TCHQ/2020,2026-02-26
2902.90.90,2,134/TB-TCHQ/2020,2026-02-26
2905.39.00,2,241/TB-TCHQ/2019,2026-02-19
2905.19.00,2,517/TB-TCHQ/2018,2026-02-08
2907.19.00,2,3131/TB-TCHQ/2019,2026-02-22
2914.39.00,2,6633/TB-TCHQ/2018,2026-02-16
2920.90.90,2,1112/TB-TCHQ/2018,2026-02-09
2921.59.00,2,3244/TB-TCHQ/2019,2026-02-23
2922.50.90,2,3994/TB-TCHQ/2021,2026-03-02
2925.29.00,2,1963/TB-TCHQ/2020,2026-02-28
2930.90.90,2,2321/TB-TCHQ/2018,2026-02-11
2935...,2,2450/TB-TCHQ/2018,
2936.29.00,2,1140/TB-TCHQ/2020,2026-02-26
2936.21.00,2,3152/TB-TCHQ/2019,2026-02-23
2940.00.00,2,3159/TB-TCHQ/2019,2026-02-23
3003.90.00,2,3800/TB-TCHQ/2019,2026-02-24
3004.39.00,2,2258/TB-TCHQ/2024,2026-03-08
3004.20.91,2,1771/TB-TCHQ/2023,2026-03-05
3005.10.90,2,4224/TB-TCHQ/2019,2026-02-25
3005.10.10,2,30872/TB-CHQ/2025,2025-03-02
3204.17.10,2,1029/TB-TCHQ/2019,2026-02-21
3204.17.90,2,7122/TB-TCHQ/2018,2026-02-17
3206.19.90,2,5282/TB-TCHQ/2024,2026-03-10
3214.90.00,2,3401/TB-TCHQ/2018,2026-02-14
3215.19.00,2,5418/TB-TCHQ/2022,2026-03-04
3302.90.00,2,924/TB-TCHQ/2023,2026-03-05
3401.11.40,2,717/TB-TCHQ/2023,2026-03-05
3402.90.14,2,1101/TB-TCHQ/2019,2026-02-21
3505.10.90,2,1671/TB-TCHQ/2020,2026-02-27
3506.91.00,2,3568/TB-TCHQ/2022,2026-03-04
3701.30.00,2,924/TB-TCHQ/2019,2026-02-21
3707.90.90,2,5420/TB-TCHQ/2022,2026-03-04
3808.94.90,2,30820/TB-CHQ/2025,2025-03-02
3810.90.00,2,5432/TB-TCHQ/2024,2026-03-10
3810.10.00,2,2707/TB-TCHQ/2023,2026-03-06
3812.10.00,2,4418/TB-TCHQ/2023,2026-03-07
3817.00.00,2,3349/TB-TCHQ/2024,2026-03-08
3824.79.00,2,1764/TB-TCHQ/2020,2026-02-27
3903.19.20,2,1099/TB-TCHQ/2019,30/01/2015
3903.90.99,2,481/TB-TCHQ/2019,30/01/2015
3907.69.10,2,3348/TB-TCHQ/2024,25/03/2015
3907.99.90,2,1885/TB-TCHQ/2023,25/03/2015
3912.31.00,2,4787/TB-TCHQ/2024,12/03/2026
3919.10.92,2,5293/TB-TCHQ/2023,25/03/2015
3919.90.99,2,70012169/TB-TCHQ/2020,30/01/2015
4411.14.00,2,5353/TB-TCHQ/2018,30/01/2015
4601.99.20,2,1805/TB-TCHQ/2018,30/01/2015
4811.59.99,2,1018/TB-TCHQ/2020,30/01/2015
5111.19.00,2,3064/TB-TCHQ/2019,30/01/2015
5209.12.00,2,3074/TB-TCHQ/2019,30/01/2015
5210.41.00,2,516/TB-TCHQ/2018,01/09/2016
5407.69.90,2,1952/TB-TCHQ/2018,30/01/2015
5408.31.00,2,1015/TB-TCHQ/2019,30/01/2015
5503.90.90,2,2699/TB-TCHQ/2022,30/01/2015
5514.30.00,2,1283/TB-TCHQ/2018,30/01/2015
5516.44.00,2,906/TB-TCHQ/2019,30/01/2015
5603.11.00,2,1803/TB-TCHQ/2023,13/10/2022
5603.94.00,2,249/TB-TCHQ/2019,30/01/2015
5603.12.00,2,327/TB-TCHQ/2018,30/01/2015
5903.10.90,2,3237/TB-TCHQ/2018,30/01/2015
6807.10.00,2,1428/TB-TCHQ/2018,01/09/2016
6810.99.00,2,1771/TB-TCHQ/2018,01/09/2016
6904.10.00,2,556/TB-TCHQ/2019,30/01/2015
6907.21.92,2,7050/TB-TCHQ/2018,30/01/2015
6914.90.00,2,554/TB-TCHQ/2019,30/01/2015
7010.90.99,2,2695/TB-TCHQ/2024,25/03/2015
7019.90.90,2,19/TB-TCHQ/2019,30/01/2015
7116.20.00,2,5586/TB-TCHQ/2021,25/03/2015
7204.49.00,2,815/TB-TCHQ/2018,30/01/2015
7208.27.99,2,3343/TB-TCHQ/2019,30/01/2015
7209.16.90,2,1195/TB-TCHQ/2020,30/01/2015
7209.27.10,2,2127/TB-TCHQ/2020,30/01/2015
7209.16.10,2,537/TB-TCHQ/2019,30/01/2015
7209.26.00,2,523/TB-TCHQ/2018,30/01/2015
7212.40.12,2,2033/TB-TCHQ/2020,30/01/2015
7212.30.11,2,1911/TB-TCHQ/2020,30/01/2015
7212.30.12,2,1196/TB-TCHQ/2020,30/01/2015
7214.99.91,2,3146/TB-TCHQ/2019,30/01/2015
7217.30.39,2,1028/TB-TCHQ/2020,30/01/2015
7219.24.00,2,1029/TB-TCHQ/2020,30/01/2015
7226.99.99,2,977/TB-TCHQ/2018,30/01/2015
9811.00.10,2,903/TB-TCHQ/2019,30/01/2015
7228.30.10,2,2786/TB-TCHQ/2018,30/01/2015
7304.51.90,2,1835/TB-TCHQ/2020,30/01/2015
7306.30.92,2,1841/TB-TCHQ/2020,30/01/2015
0206.49.00,1,503/TB-TCHQ/2018,2026-02-08
0403.90.90,1,462/TB-TCHQ/2019,2026-02-19
0403.10.91,1,7293/TB-TCHQ/2018,2026-02-18
0305.10.00,1,4780/TB-TCHQ/2022,2026-03-04
0404.10.10,1,6411/TB-TCHQ/2018,2026-02-16
0404.90.00,1,2101/TB-TCHQ/2024,2026-03-08
0404.10.11,1,1220/TB-TCHQ/2023,2026-03-05
1208.10.00,1,105/TB-TCHQ/2020,2026-02-25
0902.30.90,1,7392/TB-TCHQ/2018,2026-02-18
1104.19.90,1,6431/TB-TCHQ/2018,2026-02-16
0901...,1,5193/TB-TCHQ/2024,
0813.40.90,1,6488/TB-TCHQ/2024,2026-03-10
0901.21.20,1,5235/TB-TCHQ/2024,2026-03-10
1108.20.00,1,3581/TB-TCHQ/2022,2026-03-04
1211.20.00,1,529/TB-TCHQ/2019,2026-02-20
1212.21.19,1,613/TB-TCHQ/2022,2026-03-02
1302.39.12,1,6336/TB-TCHQ/2018,2026-02-16
1504.10.90,1,288/TB-TCHQ/2025,2026-03-11
1507.10.00,1,234/TB-TCHQ/2019,2026-02-19
1514...,1,1148/TB-TCHQ/2019,
1515.11.00,1,119/TB-TCHQ/2025,2026-03-10
1512.11.00,1,2836/TB-TCHQ/2018,2026-02-12
1514.19.20,1,1991/TB-TCHQ/2019,2026-02-22
1515.90.99,1,100/TB-TCHQ/2021,2026-03-01
1515.90.31,1,6407/TB-TCHQ/2018,2026-02-16
1516.20.34,1,1025/TB-TCHQ/2019,2026-02-21
1517.90.30,1,15622/TB-CHQ/2025,2025-03-01
1517.90.80,1,4124/TB-TCHQ/2021,2026-03-02
1516.20.47,1,2455/TB-TCHQ/2018,2026-02-12
1602.32.90,1,362/TB-TCHQ/2025,2026-03-11
1518.00.19,1,4847/TB-TCHQ/2018,2026-02-15
1518.00.31,1,1764/TB-TCHQ/2018,2026-02-10
1704.90.20,1,2415/TB-TCHQ/2022,2026-03-03
1702.90.91,1,901/TB-TCHQ/2019,2026-02-21
1602...,1,547/TB-TCHQ/2022,
1702.30.20,1,1224/TB-TCHQ/2019,2026-02-21
1704.90.91,1,182/TB-TCHQ/2021,2026-03-02
1806.31.00,1,2414/TB-TCHQ/2022,2026-03-03
1806.32.10,1,3261/TB-TCHQ/2018,2026-02-14
1901.90.19,1,4013/TB-TCHQ/2023,2026-03-06
1901.90.32,1,1853/TB-TCHQ/2020,2026-02-28
1901...,1,825/TB-TCHQ/2019,
1902.19.90,1,2347/TB-TCHQ/2018,2026-02-11
1902.19.30,1,1762/TB-TCHQ/2018,2026-02-10
1905.31.10,1,186/TB-TCHQ/2021,2026-03-02
1904.20.90,1,7391/TB-TCHQ/2018,2026-02-18
1905.90.90,1,3058/TB-TCHQ/2018,2026-02-13
2007.99.90,1,146/TB-TCHQ/2024,2026-03-07
2008.97.90,1,1713/TB-TCHQ/2022,2026-03-03
2008.30.10,1,4327/TB-TCHQ/2019,2026-02-25
2101...,1,1395/TB-TCHQ/2024,
2101.12.91,1,3648/TB-TCHQ/2023,2026-03-06
2101.20.30,1,1626/TB-TCHQ/2022,2026-03-02
2101.11.10,1,3337/TB-TCHQ/2018,2026-02-14
2102...,1,3534/TB-TCHQ/2019,
2103.90.19,1,2382/TB-CHQ/2025,2025-03-01
2103.90.11,1,3790/TB-TCHQ/2019,2026-02-24
2103.90.12,1,1705/TB-TCHQ/2020,2026-02-27
2103.90.21,1,238/TB-TCHQ/2019,2026-02-19
2103.20.00,1,3224/TB-TCHQ/2018,2026-02-13
2106.90.41,1,2196/TB-TCHQ/2023,2026-03-06
2106.90.71,1,731/TB-TCHQ/2023,2026-03-05
2106.90.96,1,248/TB-TCHQ/2021,2026-03-02
2106.90.73,1,2969/TB-TCHQ/2018,2026-02-13
2202.99.10,1,70/TB-TCHQ/2023,2026-03-05
2202.99.30,1,71/TB-TCHQ/2023,2026-03-05
2202...,1,2968/TB-TCHQ/2018,
2208...,1,3111/TB-TCHQ/2022,
2306.10.00,1,6409/TB-TCHQ/2018,2026-02-16
2304.00.90,1,319/TB-TCHQ/2018,2026-02-08
2209.00.00,1,4287/TB-TCHQ/2023,2026-03-06
2501.00.99,1,3536/TB-TCHQ/2019,2026-02-23
2309...,1,218/TB-TCHQ/2019,
2514.00.00,1,3535/TB-TCHQ/2019,2026-02-23
2518.10.00,1,984/TB-TCHQ/2019,2026-02-21
2529.10.10,1,6024/TB-TCHQ/2018,2026-02-16
2517.10.00,1,3546/TB-TCHQ/2019,2026-02-23
2519.90.90,1,6498/TB-TCHQ/2018,2026-02-16
2601.11.00,1,617/TB-TCHQ/2018,2026-02-09
2608.00.00,1,522/TB-TCHQ/2018,2026-02-08
2606.00.00,1,3422/TB-TCHQ/2018,2026-02-14
2621.90.00,1,2479/TB-TCHQ/2018,2026-02-12
2620.91.00,1,618/TB-TCHQ/2018,2026-02-09
2704.00.10,1,1373/TB-TCHQ/2018,2026-02-10
2701.11.00,1,922/TB-TCHQ/2018,2026-02-09
2707...,1,1062/TB-TCHQ/2022,
2710.19.81,1,4466/TB-TCHQ/2024,2026-03-09
7015...,1,3056/TB-TCHQ/2022,
2804.61.00,1,3893/TB-TCHQ/2023,2026-03-06
2805.12.00,1,1902/TB-TCHQ/2020,2026-02-28
2817.00.10,1,1142/TB-TCHQ/2018,2026-02-09
2822.00.00,1,21/TB-TCHQ/2019,2026-02-19
2826...,1,3141/TB-TCHQ/2018,
2826.90.00,1,2320/TB-TCHQ/2018,2026-02-11
2827.39.10,1,108/TB-TCHQ/2020,2026-02-26
2827...,1,2337/TB-TCHQ/2018,
2832.20.00,1,3120/TB-TCHQ/2019,2026-02-22
2833.30.00,1,6432/TB-TCHQ/2020,2026-03-01
2833.29.30,1,2323/TB-TCHQ/2018,2026-02-11
2834...,1,3541/TB-TCHQ/2019,
2835...,1,6433/TB-TCHQ/2020,
2835.31.00,1,3160/TB-TCHQ/2019,2026-02-23
2835.26.00,1,3701/TB-TCHQ/2019,2026-02-24
2840.20.00,1,5606/TB-TCHQ/2018,2026-02-15
2836.50.90,1,3246/TB-TCHQ/2019,2026-02-23
2842.10.00,1,1311/TB-TCHQ/2023,2026-03-05
2846.10.00,1,3072/TB-TCHQ/2019,2026-02-22
2846.90.00,1,183/TB-TCHQ/2018,2026-02-08
2902.19.00,1,811/TB-TCHQ/2018,2026-02-09
2904.90.00,1,3000/TB-TCHQ/2019,2026-02-22
2905.29.00,1,4006/TB-TCHQ/2026,2026-03-11
2905...,1,779/TB-TCHQ/2018,
2907.23.00,1,2046/TB-TCHQ/2020,2026-02-28
2909.49.00,1,4223/TB-TCHQ/2019,2026-02-25
2909.60.00,1,1501/TB-TCHQ/2018,2026-02-10
2909.50.00,1,4167/TB-TCHQ/2019,2026-02-25
2909.30.00,1,2396/TB-TCHQ/2018,2026-02-11
2912.60.00,1,100/TB-TCHQ/2020,2026-02-25
2914.50.00,1,637/TB-TCHQ/2018,2026-02-09
2915.90.20,1,1090/TB-TCHQ/2020,2026-02-26
2915.39.90,1,2451/TB-TCHQ/2018,2026-02-12
2915.90.40,1,1166/TB-TCHQ/2019,2026-02-21
2915.90.90,1,1144/TB-TCHQ/2018,2026-02-09
2916.19.00,1,2841/TB-TCHQ/2026,2026-03-11
2916.13.00,1,3700/TB-TCHQ/2019,2026-02-24
2916.12.00,1,579/TB-TCHQ/2018,2026-02-08
2916.14.90,1,3747/TB-TCHQ/2019,2026-02-24
2916.39.90,1,1560/TB-TCHQ/2018,2026-02-10
2917.20.00,1,3068/TB-TCHQ/2019,2026-02-22
2917.13.00,1,2328/TB-TCHQ/2018,2026-02-11
2918.29.90,1,753/TB-TCHQ/2019,2026-02-20
2918.11.00,1,508/TB-TCHQ/2018,2026-02-08
2918.15.90,1,530/TB-TCHQ/2018,2026-02-08
2920...,1,1020/TB-TCHQ/2020,
2919.90.00,1,1168/TB-TCHQ/2019,2026-02-21
2921.21.00,1,2123/TB-TCHQ/2020,2026-03-01
2921.51.00,1,4009/TB-TCHQ/2024,2026-03-09
2921.45.00,1,3181/TB-TCHQ/2019,2026-02-23
2921.44.00,1,532/TB-TCHQ/2018,2026-02-08
2921.19.00,1,525/TB-TCHQ/2018,2026-02-08
2921.29.00,1,2333/TB-TCHQ/2018,2026-02-11
2924.29.90,1,2124/TB-TCHQ/2020,2026-03-01
2924.29.30,1,2888/TB-TCHQ/2018,2026-02-12
2924.29.10,1,7117/TB-TCHQ/2018,2026-02-17
2924.19.00,1,3142/TB-TCHQ/2018,2026-02-13
2928.00.90,1,1022/TB-TCHQ/2020,2026-02-26
2931.39.00,1,1097/TB-TCHQ/2020,2026-02-26
2932.99.00,1,5317/TB-TCHQ/2024,2026-03-10
2932.20.90,1,754/TB-TCHQ/2019,2026-02-20
2933.79.00,1,4613/TB-TCHQ/2024,2026-03-09
2932.19.00,1,326/TB-TCHQ/2020,2026-02-26
2933.39.90,1,6309/TB-TCHQ/2020,2026-03-01
2933.29.00,1,3180/TB-TCHQ/2019,2026-02-23
2933.49.90,1,2890/TB-TCHQ/2018,2026-02-12
2934.99.90,1,1793/TB-TCHQ/2018,2026-02-10
2934.10.00,1,601/TB-TCHQ/2018,2026-02-09
2935.90.00,1,109/TB-TCHQ/2020,2026-02-26
2937.90.10,1,535/TB-TCHQ/2018,2026-02-08
2937.29.00,1,635/TB-TCHQ/2018,2026-02-09
2938.90.00,1,6276/TB-TCHQ/2020,2026-03-01
2939.79.00,1,3919/TB-TCHQ/2019,2026-02-24
2942.00.00,1,6764/TB-TCHQ/2018,2026-02-17
3002.49.00,1,5197/TB-TCHQ/2024,2026-03-10
3002.90.00,1,1897/TB-TCHQ/2020,2026-02-28
1792...,1,5285/TB-TCHQ/2024,
3004.90.51,1,2036/TB-TCHQ/2020,2026-02-28
3004.20.90,1,3163/TB-TCHQ/2019,2026-02-23
3004.20.71,1,2719/TB-TCHQ/2018,2026-02-12
3006.40.10,1,619/TB-TCHQ/2025,2026-03-11
3204...,1,1028/TB-TCHQ/2019,
3102.10.00,1,4389/TB-TCHQ/2022,2026-03-04
3105.90.00,1,2152/TB-TCHQ/2020,2026-03-01
3206.11.90,1,4588/TB-TCHQ/2023,2026-03-07
3102.40.00,1,5244/TB-TCHQ/2018,2026-02-15
3207.20.90,1,1616/TB-TCHQ/2024,2026-03-08
3207.40.00,1,1504/TB-TCHQ/2023,2026-03-05
3209.90.00,1,6268/TB-TCHQ/2020,2026-03-01
3209.10.10,1,1923/TB-TCHQ/2018,2026-02-11
3210.00.10,1,1261/TB-TCHQ/2022,2026-03-02
3212.90.22,1,130/TB-TCHQ/2021,2026-03-01
3301.19.00,1,5139/TB-TCHQ/2022,2026-03-04
3301.29.00,1,804/TB-TCHQ/2018,2026-02-09
3304...,1,4375/TB-TCHQ/2022,
3306.90.00,1,3797/TB-TCHQ/2022,2026-03-04
3305.10.10,1,3132/TB-TCHQ/2019,2026-02-22
3307.49.10,1,2276/TB-TCHQ/2024,2026-03-08
3307.90.30,1,680/TB-TCHQ/2019,2026-02-20
3307...,1,5189/TB-TCHQ/2018,
3307.20.00,1,6504/TB-TCHQ/2018,2026-02-16
3401.30.00,1,6065/TB-TCHQ/2018,2026-02-16
3402.49.90,1,223/TB-TCHQ/2025,2026-03-10
3401.19.90,1,636/TB-TCHQ/2018,2026-02-09
3402.20.95,1,4213/TB-TCHQ/2019,2026-02-25
3402.11.90,1,1328/TB-TCHQ/2018,2026-02-10
3402.20.14,1,5878/TB-TCHQ/2018,2026-02-15
3404.90.90,1,4514/TB-TCHQ/2023,2026-03-07
0000...,1,5682/TB-TCHQ/2023,
3505.10.10,1,1413/TB-CHQ/2025,2025-03-01
3702.44.00,1,4368/TB-TCHQ/2022,2026-03-04
3507.90.00,1,5678/TB-TCHQ/2022,2026-03-05
3801.20.00,1,922/TB-TCHQ/2019,2026-02-21
3806.30.10,1,921/TB-TCHQ/2019,2026-02-21
3802.10.00,1,1994/TB-TCHQ/2019,2026-02-22
3808.93.20,1,1781/TB-TCHQ/2020,2026-02-27
1099...,1,5109/TB-TCHQ/2022,
3808.91.90,1,1779/TB-TCHQ/2020,2026-02-27
3808.99.10,1,602/TB-TCHQ/2018,2026-02-09
3808.91.19,1,1804/TB-TCHQ/2018,2026-02-10
3808.93.19,1,1145/TB-TCHQ/2018,2026-02-09
3809.92.00,1,1125/TB-TCHQ/2018,2026-02-09
3810...,1,1559/TB-TCHQ/2018,
3811.90.90,1,3148/TB-TCHQ/2019,2026-02-23
3812...,1,1768/TB-TCHQ/2020,
3812.20.00,1,4466/TB-TCHQ/2023,2026-03-07
3815...,1,1170/TB-TCHQ/2020,
3822.00.30,1,976/TB-TCHQ/2018,2026-02-09
2510...,1,107/TB-TCHQ/2020,
7100...,1,1953/TB-TCHQ/2020,
3824.81.00,1,2339/TB-TCHQ/2018,30/01/2015
3824.50.00,1,3310/TB-TCHQ/2018,30/01/2015
3901.90.90,1,4186/TB-TCHQ/2019,30/01/2015
3901.30.00,1,180/TB-TCHQ/2021,21/01/2015
3902.30.90,1,2684/TB-CHQ/2025,28/02/2025
3903.19.90,1,4738/TB-TCHQ/2023,25/03/2015
3904.90.30,1,803/TB-TCHQ/2018,30/01/2015
3904.69.40,1,1049/TB-TCHQ/2019,30/01/2015
3905.21.00,1,3345/TB-TCHQ/2019,30/01/2015
3904.69.30,1,3540/TB-TCHQ/2019,30/01/2015
3907.29.90,1,4258976/TB-CHQ/2025,21/01/2015
3906.90.20,1,1014/TB-TCHQ/2020,30/01/2015
3907.91.20,1,4175/TB-TCHQ/2019,30/01/2015
3907.40.00,1,172120/TB-TCHQ/2020,30/01/2015
3907.50.90,1,2342/TB-TCHQ/2018,30/01/2015
3909.39.99,1,4184/TB-TCHQ/2019,30/01/2015
3913.90.90,1,828/TB-TCHQ/2018,30/01/2015
3912.39.00,1,1148/TB-TCHQ/2018,30/01/2015
3915.20.10,1,4794/TB-TCHQ/2023,25/03/2015
3915.90.10,1,3614/TB-TCHQ/2024,06/05/2024
3917.32.90,1,6255/TB-TCHQ/2018,30/01/2015
3918.90.11,1,1901/TB-TCHQ/2020,30/01/2015
3920.43.10,1,4369/TB-TCHQ/2022,25/03/2015
3920.99.29,1,4451/TB-TCHQ/2022,21/01/2015
3920.59.90,1,5142/TB-TCHQ/2022,25/03/2015
3920.51.11,1,189/TB-TCHQ/2021,21/01/2015
3920.99.31,1,176/TB-TCHQ/2021,21/01/2015
3920.62.10,1,159/TB-TCHQ/2021,21/01/2015
3920.61.10,1,5103/TB-TCHQ/2018,30/01/2015
3920.49.00,1,4002/TB-TCHQ/2018,30/01/2015
3920.63.00,1,1114/TB-TCHQ/2018,30/01/2015
3921.90.42,1,5120/TB-TCHQ/2022,25/03/2015
3921.13.99,1,136/TB-TCHQ/2021,21/01/2015
3921.19.99,1,4003/TB-TCHQ/2018,30/01/2015
3921.12.00,1,1147/TB-TCHQ/2018,30/01/2015
4003.00.00,1,7302/TB-TCHQ/2018,30/01/2015
4016.93.90,1,3399/TB-TCHQ/2024,21/01/2015
4107.19.00,1,6363/TB-TCHQ/2018,30/01/2015
4115.20.00,1,6359/TB-TCHQ/2018,30/01/2015
4202.92.90,1,12578/TB-CHQ/2026,17/12/2025
4202.31.00,1,1113/TB-TCHQ/2024,21/01/2015
4202.32.00,1,3409/TB-TCHQ/2024,26/02/2021
4202.91.90,1,8195/TB-TCHQ/2018,17/11/2017
4401.39.00,1,7435/TB-TCHQ/2018,30/01/2015
4401.40.00,1,7421/TB-TCHQ/2018,30/01/2015
4409.10.00,1,7544/TB-TCHQ/2018,30/01/2015
4412.39.00,1,94719/TB-TCHQ/2018,30/01/2015
4418.75.00,1,7164/TB-TCHQ/2018,30/01/2015
4706.20.00,1,2028/TB-TCHQ/2019,30/01/2015
4707.10.00,1,923/TB-TCHQ/2019,30/01/2015
4802.55.90,1,3829/TB-TCHQ/2019,30/01/2015
4802.57.29,1,1032/TB-TCHQ/2019,30/01/2015
4802.58.39,1,864/TB-TCHQ/2019,30/01/2015
4802.55.69,1,6023/TB-TCHQ/2018,21/01/2015
4802.56.90,1,92/TB-TCHQ/2018,30/01/2015
4802.62.31,1,43204/TB-TCHQ/2018,04/05/2018
4803.00.30,1,1030/TB-TCHQ/2019,30/01/2015
4804.31.30,1,5969/TB-TCHQ/2018,21/01/2015
4805.92.90,1,1027/TB-TCHQ/2019,30/01/2015
4810.92.90,1,1128/TB-TCHQ/2018,30/01/2015
4810.31.39,1,576/TB-TCHQ/2018,30/01/2015
4811.49.90,1,3630/TB-TCHQ/2019,30/01/2015
4811.90.49,1,862/TB-TCHQ/2019,30/01/2015
4818.90.00,1,715/TB-TCHQ/2018,30/01/2015
4819.50.00,1,547/TB-TCHQ/2023,21/01/2015
4821.10.90,1,6159/TB-TCHQ/2024,29/10/2024
4823.90.99,1,196/TB-TCHQ/2018,30/01/2015
4908.90.00,1,4033/TB-TCHQ/2019,30/01/2015
4911.99.90,1,821/TB-TCHQ/2020,30/01/2015
5107.20.00,1,714/TB-TCHQ/2018,30/01/2015
5111.11.90,1,3266/TB-TCHQ/2018,30/01/2015
5112.11.00,1,5856/TB-TCHQ/2018,30/01/2015
5206.32.00,1,230/TB-TCHQ/2021,30/01/2015
5206.25.00,1,458/TB-TCHQ/2019,30/01/2015
5208.39.00,1,200/TB-TCHQ/2018,30/01/2015
5209.11.10,1,3076/TB-TCHQ/2019,30/01/2015
5208.59.20,1,7049/TB-TCHQ/2018,30/01/2015
5210.39.00,1,813/TB-TCHQ/2019,30/01/2015
5210.41.90,1,3847/TB-TCHQ/2019,30/01/2015
5210.31.00,1,3073/TB-TCHQ/2019,30/01/2015
5307.20.00,1,3846/TB-TCHQ/2019,30/01/2015
5402.45.00,1,664059/TB-TCHQ/2022,30/01/2015
5309.29.00,1,3989/TB-TCHQ/2019,30/01/2015
5211.41.90,1,3063/TB-TCHQ/2019,30/01/2015
5404.11.00,1,513/TB-TCHQ/2018,30/01/2015
5407.10.29,1,3241/TB-TCHQ/2019,30/01/2015
5407.41.90,1,3344/TB-TCHQ/2019,30/01/2015
5407.82.00,1,3077/TB-TCHQ/2019,30/01/2015
5407.54.00,1,4166/TB-TCHQ/2019,30/01/2015
5407.69.10,1,1461/TB-TCHQ/2018,30/01/2015
5408.32.00,1,1799/TB-TCHQ/2018,30/01/2015
5508.10.10,1,2808/TB-TCHQ/2018,30/01/2015
5509.52.90,1,2500/TB-TCHQ/2018,30/01/2015
5509.91.10,1,1856/TB-TCHQ/2018,30/01/2015
5510.30.00,1,1014/TB-TCHQ/2019,30/01/2015
5511.10.10,1,2501/TB-TCHQ/2018,30/01/2015
5512.29.00,1,752/TB-TCHQ/2018,30/01/2015
5513.23.00,1,3078/TB-TCHQ/2019,30/01/2015
5515.22.00,1,135/TB-TCHQ/2021,30/01/2015
5515.11.00,1,2166/TB-TCHQ/2020,30/01/2015
5515.12.00,1,4115/TB-TCHQ/2018,30/01/2015
5516.23.00,1,521/TB-TCHQ/2018,30/01/2015
5601.22.90,1,2958/TB-TCHQ/2018,30/01/2015
5602.21.00,1,2153/TB-TCHQ/2020,30/01/2015
5602.90.00,1,3992/TB-TCHQ/2019,30/01/2015
5603.93.00,1,1713/TB-TCHQ/2020,30/01/2015
5603.92.00,1,6742/TB-TCHQ/2018,30/01/2015
5603.91.00,1,6025/TB-TCHQ/2018,30/01/2015
5603.14.00,1,1768/TB-TCHQ/2018,30/01/2015
5605.00.00,1,330/TB-TCHQ/2018,30/01/2015
5604.10.00,1,455/TB-TCHQ/2019,30/01/2015
5607.49.00,1,2381/TB-CHQ/2025,18/12/2024
5607.50.90,1,1010/TB-TCHQ/2020,30/01/2015
5609.00.00,1,201/TB-TCHQ/2018,30/01/2015
5801.32.10,1,1258/TB-TCHQ/2018,30/01/2015
5801.33.10,1,209/TB-TCHQ/2021,30/01/2015
5806.10.90,1,129/TB-TCHQ/2021,30/01/2015
5806.32.90,1,1142/TB-TCHQ/2020,30/01/2015
5806.31.90,1,332/TB-TCHQ/2018,30/01/2015
5901.10.00,1,1143/TB-TCHQ/2020,30/01/2015
5808.90.90,1,331/TB-TCHQ/2018,30/01/2015
5903.10.10,1,7463/TB-TCHQ/2018,30/01/2015
5904.90.00,1,2811/TB-TCHQ/2018,30/01/2015
5906.99.90,1,6518/TB-TCHQ/2018,30/01/2015
5907.00.40,1,1345/TB-TCHQ/2019,30/01/2015
6003.20.00,1,2519/TB-TCHQ/2018,30/01/2015
6004.10.90,1,3207/TB-TCHQ/2018,30/01/2015
6005.23.00,1,3405/TB-TCHQ/2018,30/01/2015
6005.41.00,1,2794/TB-TCHQ/2018,30/01/2015
6005.22.00,1,3027/TB-TCHQ/2018,30/01/2015
6006.34.90,1,598/TB-TCHQ/2018,16/12/2017
6006.21.00,1,6740/TB-TCHQ/2018,30/01/2015
6006.32.90,1,4141/TB-TCHQ/2018,30/01/2015
6115.96.00,1,2748/TB-TCHQ/2018,30/01/2015
6801.00.00,1,514/TB-TCHQ/2018,01/09/2016
6802.93.90,1,3961/TB-TCHQ/2018,30/01/2015
6803.00.00,1,1801/TB-TCHQ/2018,30/01/2015
6806.10.00,1,3195/TB-TCHQ/2019,30/01/2015
6810.91.90,1,4129/TB-TCHQ/2023,12/03/2026
6810.19.10,1,3844/TB-TCHQ/2019,30/01/2015
6810.91.00,1,814/TB-TCHQ/2018,30/01/2015
6811.82.20,1,23937/TB-TCHQ/2019,30/01/2015
6812.99.19,1,2102/TB-TCHQ/2018,30/01/2015
6903.20.00,1,1796/TB-TCHQ/2018,30/01/2015
6902.20.00,1,1333/TB-TCHQ/2018,01/09/2016
6903.90.00,1,1800/TB-TCHQ/2018,30/01/2015
6907.40.10,1,553/TB-TCHQ/2019,30/01/2015
6907.21.10,1,36635/TB-TCHQ/2018,30/01/2015
6904.90.00,1,7570/TB-TCHQ/2018,30/01/2015
6907.23.94,1,7051/TB-TCHQ/2018,30/01/2015
7002.20.00,1,6936/TB-TCHQ/2018,30/01/2015
7013.37.00,1,3926/TB-TCHQ/2024,25/03/2015
7103.10.20,1,3327/TB-TCHQ/2018,30/01/2015
7202.41.00,1,575/TB-TCHQ/2018,30/01/2015
7202.99.00,1,1149/TB-TCHQ/2018,30/01/2015
7207.19.00,1,2395/TB-TCHQ/2018,30/01/2015
7208.40.00,1,1139/TB-TCHQ/2020,30/01/2015
7208.27.19,1,6269/TB-TCHQ/2018,30/01/2015
7208.54.90,1,3309/TB-TCHQ/2018,30/01/2015
7209.26.10,1,1754/TB-TCHQ/2020,30/01/2015
7209.17.90,1,461/TB-TCHQ/2019,30/01/2015
7209.17.10,1,215/TB-TCHQ/2019,30/01/2015
7209.28.90,1,1761/TB-TCHQ/2018,30/01/2015
7209.15.00,1,1449/TB-TCHQ/2018,30/01/2015
7210.70.91,1,7436/TB-TCHQ/2018,30/01/2015
7210.90.90,1,1765/TB-TCHQ/2018,30/01/2015
7211.19.91,1,3746/TB-TCHQ/2019,30/01/2015
7212.50.24,1,2151/TB-TCHQ/2020,30/01/2015
7212.40.19,1,104/TB-TCHQ/2020,30/01/2015
7214.91.21,1,1703/TB-TCHQ/2020,30/01/2015
7215.50.91,1,4065/TB-TCHQ/2018,30/01/2015
7216.99.00,1,1753/TB-TCHQ/2020,30/01/2015
7216.31.90,1,1317/TB-TCHQ/2019,30/01/2015
7216.50.90,1,7088/TB-TCHQ/2018,30/01/2015
7216.33.11,1,5642/TB-TCHQ/2018,30/01/2015
7216.21.10,1,5036/TB-TCHQ/2018,30/01/2015
7216.50.19,1,2832/TB-TCHQ/2018,30/01/2015
7218.91.00,1,4065/TB-TCHQ/2023,12/03/2026
7219.21.00,1,4111/TB-TCHQ/2023,12/03/2026
7220.11.90,1,2790/TB-TCHQ/2018,30/01/2015
7222.40.10,1,3628/TB-TCHQ/2019,30/01/2015
7222.11.00,1,2788/TB-TCHQ/2018,30/01/2015
7223.00.90,1,182/TB-TCHQ/2019,30/01/2015
7225.99.90,1,2453/TB-TCHQ/2018,30/01/2015
7226.99.11,1,1756/TB-TCHQ/2020,16/11/2017
7226.99.19,1,714/TB-TCHQ/2019,30/01/2015
7227.90.00,1,3350/TB-TCHQ/2019,30/01/2015
7228.70.90,1,1836/TB-TCHQ/2020,30/01/2015
7228.50.10,1,1329/TB-TCHQ/2019,30/01/2015
7229.90.99,1,149/TB-TCHQ/2019,30/01/2015
7305.31.90,1,6466/TB-TCHQ/2023,11/12/2023
7306.30.91,1,2130/TB-TCHQ/2020,30/01/2015
7310.10.99,1,2765/TB-TCHQ/2023,21/01/2015
7314.41.00,1,7279/TB-TCHQ/2018,30/01/2015
7318.15.10,1,5194/TB-TCHQ/2024,12/03/2026
7318.16.10,1,5195/TB-TCHQ/2024,12/03/2026
7318.19.90,1,3857/TB-TCHQ/2019,30/01/2015
